ci_id,ci_name,ci_type,service_id,description,environment,status,version,ip_address,hostname,operating_system,cpu_cores,memory_gb,storage_gb,cloud_provider,cloud_region,cost_per_month,health_status,last_health_check,created_at,updated_at
aef14eab-b503-4490-a376-6d32d158c896,rabbitmq-prod-0001,message_queue,,Message Queue for rabbitmq workload,production,open,3.11,10.186.20.231,rabbitmq-prod-0001.internal.example.com,,13,43,251,Azure,eastus,229.04,healthy,2026-01-31 11:04:28,2025-09-08 16:26:52,2025-09-23 16:26:52
96efae68-2104-4c97-a2d1-12454065d356,mongodb-deve-0002,database,,Database for mongodb workload,development,open,8.0,10.170.210.206,mongodb-deve-0002.internal.example.com,,23,474,3162,On-Premise,dc-west,1045.94,healthy,2026-01-31 11:00:28,2025-05-02 02:49:08,2025-06-22 02:49:08
c406eed2-8ab7-4171-891b-8d75824c81fa,switch-prod-0003,network,,Network for switch workload,production,open,1.0,10.116.114.7,switch-prod-0003.internal.example.com,,8,19,106,AWS,ap-southeast-1,128.6,healthy,2026-01-31 11:22:28,2025-05-14 04:34:00,2025-06-04 04:34:00
11d1aef4-dca3-48d1-aabc-784012d768bd,alb-dr-0004,load_balancer,8e1c81ff-9d7e-446d-849f-8ac123da8bef,Load Balancer for alb workload,dr,open,1.0,10.133.91.149,alb-dr-0004.internal.example.com,,14,61,187,GCP,europe-west1,252.63,unhealthy,2026-01-31 11:31:28,2025-07-19 12:48:45,2025-07-21 12:48:45
8c4d8322-e2e1-4373-b5bb-761b9c5313e1,elasticsearch-stag-0005,database,ad376f29-742f-47ef-8cc6-6deccdeaa394,Database for elasticsearch workload,staging,open,8.0,10.223.0.134,elasticsearch-stag-0005.internal.example.com,,15,229,9946,GCP,asia-east1,1442.34,degraded,2026-01-31 11:13:28,2025-05-08 21:04:54,2025-06-20 21:04:54
7ab713f5-2f7a-4a55-995b-ea60ec06292d,switch-stag-0006,network,ee0ab07b-68f0-4e1e-b88f-9ceeb03e83c7,Network for switch workload,staging,open,1.0,10.167.206.179,switch-stag-0006.internal.example.com,,7,32,126,GCP,europe-west1,131.94,healthy,2026-01-31 11:39:28,2025-10-17 23:04:06,2025-10-29 23:04:06
00a96c81-450f-40cf-8952-ec2c2a2fde41,activemq-deve-0007,message_queue,f24639db-705d-4ac1-a0be-3de9c28ea784,Message Queue for activemq workload,development,open,3.11,10.164.238.114,activemq-deve-0007.internal.example.com,,4,27,393,Azure,westeurope,126.64,healthy,2026-01-31 11:34:28,2025-05-19 03:27:34,2025-06-20 03:27:34
0bb99715-e901-46ae-bafb-8a5734066f6c,nfs-deve-0008,storage,c5bcb10b-185b-4c44-a597-6ced6cba68fe,Storage for nfs workload,development,open,1.0,10.23.125.252,nfs-deve-0008.internal.example.com,,3,29,21343,GCP,europe-west1,2000.07,healthy,2026-01-31 10:53:28,2025-05-26 19:03:28,2025-07-14 19:03:28
e486e606-c9b3-48db-bec0-4bffe4b83bcd,redis-stag-0009,database,5dde88a6-aa1b-4250-9502-369757c5ad99,Database for redis workload,staging,open,8.0,10.237.25.143,redis-stag-0009.internal.example.com,,17,367,590,Azure,southeastasia,914.85,healthy,2026-01-31 10:53:28,2025-03-27 03:17:12,2025-04-03 03:17:12
45b3a6c3-b60e-4c63-b36f-2c3a6b849a7d,nfs-test-0010,storage,8187278d-5d57-4ddc-9876-8c1f5b01debf,Storage for nfs workload,testing,open,1.0,10.243.230.67,nfs-test-0010.internal.example.com,,6,21,36905,GCP,asia-east1,3413.25,healthy,2026-01-31 10:54:28,2025-09-16 17:36:09,2025-10-26 17:36:09
51b1729d-df9c-440c-ba6c-98983704d299,f5-stag-0011,load_balancer,0b86f888-18fa-41d7-9f06-8e24157e707a,Load Balancer for f5 workload,staging,in_progress,1.0,10.41.70.39,f5-stag-0011.internal.example.com,,8,23,119,Azure,westeurope,131.0,healthy,2026-01-31 11:03:28,2025-07-21 23:26:52,2025-07-30 23:26:52
4c4a3187-86ab-42b5-883b-fb69657d7983,firewall-stag-0012,network,6284d7b3-c605-4370-93f9-97ab0da34b42,Network for firewall workload,staging,in_progress,1.0,10.194.244.2,firewall-stag-0012.internal.example.com,,8,17,149,GCP,asia-east1,116.01,degraded,2026-01-31 11:28:28,2025-11-26 12:31:08,2026-01-13 12:31:08
0379392c-03c1-4954-825f-fc3a305deaeb,activemq-stag-0013,message_queue,3630dfb9-c14d-4f28-a4f2-4de2fc2c434a,Message Queue for activemq workload,staging,open,3.11,10.239.65.252,activemq-stag-0013.internal.example.com,,11,9,498,Azure,southeastasia,168.91,healthy,2026-01-31 11:46:28,2025-07-23 02:31:42,2025-09-19 02:31:42
1c04e7eb-f642-447d-af1b-4695f68b5815,rabbitmq-prod-0014,message_queue,,Message Queue for rabbitmq workload,production,open,3.11,10.167.172.195,rabbitmq-prod-0014.internal.example.com,,6,11,366,On-Premise,dc-west,83.02,degraded,2026-01-31 11:30:28,2025-08-13 23:43:34,2025-09-30 23:43:34
d9ae9ac8-6500-4939-bd07-921abefa35f1,sqs-test-0015,message_queue,0ab6f5c5-ff64-4df7-9fb8-1a2df130551f,Message Queue for sqs workload,testing,open,3.11,10.15.126.52,sqs-test-0015.internal.example.com,,9,22,765,On-Premise,dc-east,147.35,healthy,2026-01-31 11:08:28,2025-03-08 11:32:14,2025-03-17 11:32:14
f3adfa08-9aa9-4fa5-956b-f4b0b3246310,router-stag-0016,network,7fa559bc-2833-4dcf-ac5b-1e2401d09160,Network for router workload,staging,closed,1.0,10.58.83.247,router-stag-0016.internal.example.com,,8,15,92,AWS,us-west-2,119.2,healthy,2026-01-31 11:10:28,2025-12-08 09:55:01,2025-12-09 09:55:01
1022262f-4fcc-44fc-a8c8-931bc9933392,f5-deve-0017,load_balancer,,Load Balancer for f5 workload,development,in_progress,1.0,10.61.21.89,f5-deve-0017.internal.example.com,,7,12,112,On-Premise,dc-asia,73.64,healthy,2026-01-31 11:05:28,2025-03-24 22:47:17,2025-04-16 22:47:17
10a9a8fb-ebd3-41b3-a2df-a14fa18ed7d8,elasticsearch-deve-0018,database,,Database for elasticsearch workload,development,open,8.0,10.222.90.188,elasticsearch-deve-0018.internal.example.com,,14,253,6434,AWS,ap-southeast-1,1289.4,healthy,2026-01-31 11:06:28,2025-12-23 04:32:46,2026-01-09 04:32:46
7cb7d7d9-1844-4003-b179-f7da16e1749d,appservice-deve-0019,cloud_service,,Cloud Service for appservice workload,development,in_progress,1.0,10.124.237.146,appservice-deve-0019.internal.example.com,,3,11,41,On-Premise,dc-asia,39.27,healthy,2026-01-31 11:23:28,2025-03-16 21:57:47,2025-04-06 21:57:47
42f1a97a-01e6-47b4-9089-582e3a478b74,worker-test-0020,server,a5f8b430-fb1f-4c8b-b042-5fe74b8fada9,Server for worker workload,testing,open,Amazon Linux 2,10.97.43.62,worker-test-0020.internal.example.com,Windows Server 2022,12,51,672,Azure,southeastasia,274.74,healthy,2026-01-31 10:59:28,2025-11-11 12:10:38,2025-11-26 12:10:38
4f53abea-fb31-4374-8e31-6be8a799ea80,blob-stag-0021,storage,8e1c81ff-9d7e-446d-849f-8ac123da8bef,Storage for blob workload,staging,open,1.0,10.176.217.191,blob-stag-0021.internal.example.com,,7,15,21067,AWS,us-east-1,2206.7,healthy,2026-01-31 11:25:28,2025-11-25 01:14:36,2026-01-08 01:14:36
c345a6a4-7504-45ab-a46f-3495b0dd335a,efs-prod-0022,storage,e62f6318-4753-4bd5-8bd7-54a1f6528b9b,Storage for efs workload,production,open,1.0,10.247.141.186,efs-prod-0022.internal.example.com,,2,31,36118,Azure,eastus,3509.11,healthy,2026-01-31 10:59:28,2025-05-05 18:46:53,2025-06-07 18:46:53
28baef15-150c-430e-82e0-360eb9adc360,cloudfunction-dr-0023,cloud_service,dfee32ff-83a9-4f98-b35e-f6ec754fd1e6,Cloud Service for cloudfunction workload,dr,open,1.0,10.27.149.179,cloudfunction-dr-0023.internal.example.com,,3,1,100,Azure,westeurope,39.9,degraded,2026-01-31 11:07:28,2025-10-31 16:24:59,2025-12-25 16:24:59
532a948e-78e9-4396-b121-35c45f48c2ee,s3-test-0024,storage,e62f6318-4753-4bd5-8bd7-54a1f6528b9b,Storage for s3 workload,testing,open,1.0,10.205.251.19,s3-test-0024.internal.example.com,,3,9,17546,GCP,asia-east1,1622.34,healthy,2026-01-31 11:04:28,2025-10-02 15:57:41,2025-10-05 15:57:41
416bf5d6-d82d-4108-9771-57ea441b2bfc,payment-test-0025,application,,Application for payment workload,testing,open,1.0,10.115.194.116,payment-test-0025.internal.example.com,,3,39,441,GCP,us-central1,136.89,degraded,2026-01-31 11:28:28,2025-09-02 09:52:59,2025-10-27 09:52:59
b2e18600-35d5-49ca-8eb2-767ba328cc5b,cloudfunction-prod-0026,cloud_service,,Cloud Service for cloudfunction workload,production,open,1.0,10.38.80.1,cloudfunction-prod-0026.internal.example.com,,2,7,43,AWS,us-east-1,38.3,healthy,2026-01-31 11:03:28,2025-03-13 17:31:33,2025-04-20 17:31:33
45043937-32b7-4bf3-a7fe-cf6847598801,efs-prod-0027,storage,9ce9f7de-26d1-44ff-a36f-b76bcde19def,Storage for efs workload,production,open,1.0,10.101.217.30,efs-prod-0027.internal.example.com,,2,29,16297,GCP,europe-west1,1536.93,healthy,2026-01-31 11:06:28,2025-06-16 10:33:55,2025-06-25 10:33:55
6661fb75-7dbb-4f47-b01e-c9b7a0eaf174,nlb-prod-0028,load_balancer,f24639db-705d-4ac1-a0be-3de9c28ea784,Load Balancer for nlb workload,production,open,1.0,10.206.139.129,nlb-prod-0028.internal.example.com,,13,26,162,Azure,westeurope,188.29,healthy,2026-01-31 11:19:28,2025-04-05 04:52:21,2025-04-10 04:52:21
51825d70-253f-4836-a05f-b6b7723ca400,lambda-test-0029,cloud_service,5dde88a6-aa1b-4250-9502-369757c5ad99,Cloud Service for lambda workload,testing,open,1.0,10.226.142.47,lambda-test-0029.internal.example.com,,1,9,83,GCP,europe-west1,32.67,unhealthy,2026-01-31 11:20:28,2025-02-20 18:11:10,2025-04-01 18:11:10
7b4c47a9-c63e-4270-8002-cf7911abbd89,s3-stag-0030,storage,ee0ab07b-68f0-4e1e-b88f-9ceeb03e83c7,Storage for s3 workload,staging,open,1.0,10.205.18.117,s3-stag-0030.internal.example.com,,8,13,22614,On-Premise,dc-eu,1657.18,healthy,2026-01-31 11:31:28,2025-08-30 05:50:50,2025-09-19 05:50:50
ee6793ad-1eaf-481c-a0f6-a97eeb85dcba,redis-test-0031,database,6284d7b3-c605-4370-93f9-97ab0da34b42,Database for redis workload,testing,open,8.0,10.104.136.141,redis-test-0031.internal.example.com,,41,217,8667,AWS,ap-southeast-1,1710.7,healthy,2026-01-31 11:29:28,2025-12-18 03:54:07,2026-01-15 03:54:07
f303daa9-7e8b-4613-ba94-4914a48a7d31,s3-prod-0032,storage,f9c1269b-0495-436f-b7f9-ba6e77ec6bda,Storage for s3 workload,production,open,1.0,10.60.78.128,s3-prod-0032.internal.example.com,,6,21,7108,Azure,westus2,772.16,degraded,2026-01-31 11:29:28,2025-05-26 15:56:19,2025-06-27 15:56:19
e1f5ae2c-1237-433d-a4b6-f160db078fd9,nginx-test-0033,load_balancer,541cbcda-42b7-490b-83b8-1e60396f364d,Load Balancer for nginx workload,testing,open,1.0,10.212.174.240,nginx-test-0033.internal.example.com,,10,20,180,On-Premise,dc-west,110.6,healthy,2026-01-31 11:30:28,2025-04-10 14:20:58,2025-06-01 14:20:58
ad1610bb-19b7-41bf-8d7c-4c4246ba5aea,api-deve-0034,server,9c1bf4ca-cf8a-451e-a0a4-3af8f7f10f65,Server for api workload,development,in_progress,Windows Server 2022,10.122.196.60,api-deve-0034.internal.example.com,Windows Server 2022,15,50,1230,On-Premise,dc-west,261.1,healthy,2026-01-31 11:00:28,2025-09-21 23:31:24,2025-10-21 23:31:24
7a9c55f7-fdf9-4f8d-be48-5f1435aa3c4c,activemq-dr-0035,message_queue,,Message Queue for activemq workload,dr,in_progress,3.11,10.225.51.135,activemq-dr-0035.internal.example.com,,6,40,704,Azure,southeastasia,199.88,degraded,2026-01-31 11:47:28,2025-07-19 15:27:42,2025-09-03 15:27:42
f742d55b-b242-49de-b00b-0ae2f8feae58,notification-test-0036,application,7fa559bc-2833-4dcf-ac5b-1e2401d09160,Application for notification workload,testing,open,1.0,10.168.194.245,notification-test-0036.internal.example.com,,7,43,404,Azure,eastus,186.58,healthy,2026-01-31 11:02:28,2025-08-23 11:28:03,2025-10-18 11:28:03
cab96c00-b6a3-4909-9176-6d0efba398d0,ceph-prod-0037,storage,fa8b3d62-d044-4c49-8ca7-4efaa127c730,Storage for ceph workload,production,closed,1.0,10.51.227.43,ceph-prod-0037.internal.example.com,,4,15,49940,AWS,us-west-2,5064.0,healthy,2026-01-31 10:50:28,2025-03-19 03:36:29,2025-03-20 03:36:29
fddc42c8-14d7-43b0-bd54-011f76e1b565,api-deve-0038,server,541cbcda-42b7-490b-83b8-1e60396f364d,Server for api workload,development,open,RHEL 8,10.195.123.128,api-deve-0038.internal.example.com,RHEL 8,11,75,943,GCP,europe-west1,318.87,healthy,2026-01-31 11:07:28,2025-04-28 18:10:54,2025-05-14 18:10:54
820a401b-c0e1-4475-9697-b57732437bb4,efs-deve-0039,storage,dfee32ff-83a9-4f98-b35e-f6ec754fd1e6,Storage for efs workload,development,open,1.0,10.217.128.117,efs-deve-0039.internal.example.com,,2,22,23646,On-Premise,dc-eu,1700.02,healthy,2026-01-31 11:35:28,2025-11-27 22:41:58,2025-12-21 22:41:58
2304ebe0-a9b6-4991-899c-e24fc85814c1,s3-prod-0040,storage,,Storage for s3 workload,production,open,1.0,10.25.254.214,s3-prod-0040.internal.example.com,,4,8,44137,GCP,europe-west1,4022.73,degraded,2026-01-31 11:29:28,2025-08-21 21:48:04,2025-10-09 21:48:04
2ba8a87b-7973-45b2-a13f-47faa763d4ec,dns-test-0041,network,7f62fecd-2388-45ac-b906-de6be5343086,Network for dns workload,testing,in_progress,1.0,10.20.158.202,dns-test-0041.internal.example.com,,8,27,85,Azure,westus2,135.38,healthy,2026-01-31 11:10:28,2025-12-18 15:20:43,2026-01-10 15:20:43
814d8b81-f810-494f-b717-b717956d1126,auth-test-0042,application,541cbcda-42b7-490b-83b8-1e60396f364d,Application for auth workload,testing,open,1.0,10.139.84.66,auth-test-0042.internal.example.com,,14,38,498,GCP,asia-east1,239.22,degraded,2026-01-31 11:17:28,2025-08-07 07:08:07,2025-09-27 07:08:07
6a84a1e9-55b6-4960-a0fc-54e5b1330352,haproxy-test-0043,load_balancer,5dde88a6-aa1b-4250-9502-369757c5ad99,Load Balancer for haproxy workload,testing,open,1.0,10.202.7.68,haproxy-test-0043.internal.example.com,,14,54,151,On-Premise,dc-east,184.17,healthy,2026-01-31 11:18:28,2025-11-13 01:07:30,2025-12-06 01:07:30
5e1f3821-5a10-40ba-9046-b910d843cd5c,f5-prod-0044,load_balancer,9c1bf4ca-cf8a-451e-a0a4-3af8f7f10f65,Load Balancer for f5 workload,production,open,1.0,10.32.237.233,f5-prod-0044.internal.example.com,,4,47,193,GCP,us-central1,137.97,healthy,2026-01-31 11:06:28,2025-07-18 10:01:12,2025-08-13 10:01:12
91d96b61-2aaa-4db9-a0a9-6442be0f71e7,postgres-prod-0045,database,,Database for postgres workload,production,open,8.0,10.189.214.151,postgres-prod-0045.internal.example.com,,15,81,4346,AWS,eu-west-1,746.6,healthy,2026-01-31 11:38:28,2025-11-02 16:44:49,2025-12-28 16:44:49
98fa29c3-028f-4408-ade0-45c7a40dfdad,rabbitmq-test-0046,message_queue,9e0f8d3a-b07a-4be3-8cea-977f89543359,Message Queue for rabbitmq workload,testing,open,3.11,10.188.183.16,rabbitmq-test-0046.internal.example.com,,7,36,555,On-Premise,dc-eu,138.25,healthy,2026-01-31 11:35:28,2025-06-01 01:00:45,2025-06-08 01:00:45
27815f95-2212-47be-a562-0af8ad210f2f,s3-deve-0047,storage,5dde88a6-aa1b-4250-9502-369757c5ad99,Storage for s3 workload,development,open,1.0,10.110.119.85,s3-deve-0047.internal.example.com,,3,26,14448,AWS,us-east-1,1526.8,healthy,2026-01-31 10:57:28,2025-03-08 07:59:09,2025-05-04 07:59:09
0f72061d-a0d6-4e10-ba46-cbaedc365247,lambda-prod-0048,cloud_service,a5f8b430-fb1f-4c8b-b042-5fe74b8fada9,Cloud Service for lambda workload,production,open,1.0,10.121.165.5,lambda-prod-0048.internal.example.com,,2,4,94,Azure,westus2,35.53,healthy,2026-01-31 11:44:28,2025-02-13 16:36:23,2025-02-21 16:36:23
e5f011e9-cd96-429b-bd48-8aef8f4c58ad,rabbitmq-deve-0049,message_queue,ad376f29-742f-47ef-8cc6-6deccdeaa394,Message Queue for rabbitmq workload,development,in_progress,3.11,10.22.154.118,rabbitmq-deve-0049.internal.example.com,,13,14,562,On-Premise,dc-asia,149.94,healthy,2026-01-31 11:46:28,2025-10-15 19:52:26,2025-10-18 19:52:26
6131ab6e-0057-4da2-9f61-8a411e99e18a,blob-stag-0050,storage,9ce9f7de-26d1-44ff-a36f-b76bcde19def,Storage for blob workload,staging,open,1.0,10.140.166.98,blob-stag-0050.internal.example.com,,2,10,22109,AWS,ap-southeast-1,2250.9,unhealthy,2026-01-31 11:14:28,2025-12-08 17:12:30,2025-12-26 17:12:30
5f85e54f-646d-4db7-8410-79858a40a14b,ceph-deve-0051,storage,,Storage for ceph workload,development,open,1.0,10.116.211.87,ceph-deve-0051.internal.example.com,,7,32,37132,AWS,us-east-1,3847.2,healthy,2026-01-31 11:22:28,2025-05-22 03:27:58,2025-06-17 03:27:58
e2d9e46d-b154-4b8e-b9cf-825f10f0496f,mongodb-stag-0052,database,,Database for mongodb workload,staging,open,8.0,10.47.221.25,mongodb-stag-0052.internal.example.com,,51,504,8270,GCP,europe-west1,2110.5,healthy,2026-01-31 11:24:28,2025-03-06 15:07:45,2025-04-26 15:07:45
72000b55-8c89-4ff1-b24d-4f45ba332387,analytics-prod-0053,application,80527c4d-716a-4966-9c08-859ddc506570,Application for analytics workload,production,closed,1.0,10.159.180.27,analytics-prod-0053.internal.example.com,,12,64,434,GCP,us-central1,262.26,healthy,2026-01-31 11:34:28,2025-09-04 13:40:51,2025-09-13 13:40:51
b3736eb9-b219-4e71-85b8-f6a773af7465,nfs-test-0054,storage,7fa559bc-2833-4dcf-ac5b-1e2401d09160,Storage for nfs workload,testing,open,1.0,10.13.136.8,nfs-test-0054.internal.example.com,,6,15,29122,GCP,europe-west1,2701.98,healthy,2026-01-31 11:03:28,2025-11-15 10:26:38,2026-01-02 10:26:38
5856c89b-8778-4534-a29c-7487b60e9fa8,haproxy-prod-0055,load_balancer,8e1c81ff-9d7e-446d-849f-8ac123da8bef,Load Balancer for haproxy workload,production,open,1.0,10.214.232.88,haproxy-prod-0055.internal.example.com,,5,17,57,Azure,westus2,85.22,healthy,2026-01-31 11:28:28,2025-03-19 07:07:19,2025-05-04 07:07:19
1ffba6a4-7ed2-4be2-821d-3bd36bae0761,varnish-stag-0056,cache,669a3c68-8c1e-4132-91d6-035a5d9eccd9,Cache for varnish workload,staging,open,6.0,10.248.226.107,varnish-stag-0056.internal.example.com,,4,102,91,AWS,us-west-2,253.1,healthy,2026-01-31 10:59:28,2025-06-20 03:56:27,2025-07-22 03:56:27
b950ac21-bfc5-475a-a423-8ef1b95e1d70,mongodb-stag-0057,database,3fa0669e-f615-46f6-a5a6-1bce70f24056,Database for mongodb workload,staging,open,8.0,10.154.108.197,mongodb-stag-0057.internal.example.com,,10,144,6975,GCP,asia-east1,976.95,healthy,2026-01-31 11:31:28,2025-12-03 13:48:08,2025-12-21 13:48:08
d24e2454-6eac-4aa7-81a4-506247e0ec20,redis-prod-0058,cache,eddf2c15-98d6-47b7-8dcc-5836e6fc0014,Cache for redis workload,production,open,6.0,10.21.223.5,redis-prod-0058.internal.example.com,,15,45,306,On-Premise,dc-west,189.42,healthy,2026-01-31 11:43:28,2025-11-14 00:42:09,2026-01-08 00:42:09
ce08359f-471d-4a16-b8c2-4108bbf0c2d9,varnish-stag-0059,cache,8e1c81ff-9d7e-446d-849f-8ac123da8bef,Cache for varnish workload,staging,open,6.0,10.185.45.112,varnish-stag-0059.internal.example.com,,4,57,137,On-Premise,dc-asia,117.39,healthy,2026-01-31 11:32:28,2025-12-14 04:33:33,2026-01-10 04:33:33
e24ecfcc-6f9f-490e-9281-595c7952c66a,cloudfunction-stag-0060,cloud_service,5dde88a6-aa1b-4250-9502-369757c5ad99,Cloud Service for cloudfunction workload,staging,open,1.0,10.99.178.90,cloudfunction-stag-0060.internal.example.com,,3,6,19,On-Premise,dc-eu,30.73,healthy,2026-01-31 10:55:28,2025-10-20 10:51:46,2025-11-30 10:51:46
d8f86bc5-085f-411c-81c1-de350666a1cd,payment-prod-0061,application,541cbcda-42b7-490b-83b8-1e60396f364d,Application for payment workload,production,closed,1.0,10.252.237.194,payment-prod-0061.internal.example.com,,14,52,385,GCP,us-east1,254.25,healthy,2026-01-31 11:10:28,2025-03-10 18:15:26,2025-04-07 18:15:26
2083c753-6688-49a4-a069-de836477b668,appservice-deve-0062,cloud_service,1b317d1b-9bdd-4c2b-bffa-5e53d04b6c26,Cloud Service for appservice workload,development,open,1.0,10.180.37.80,appservice-deve-0062.internal.example.com,,4,15,90,GCP,europe-west1,71.1,healthy,2026-01-31 11:45:28,2025-07-05 21:48:30,2025-07-08 21:48:30
a1c3ce7f-e492-4001-a1dd-98a51742d908,memcached-prod-0063,cache,eddf2c15-98d6-47b7-8dcc-5836e6fc0014,Cache for memcached workload,production,open,6.0,10.164.243.129,memcached-prod-0063.internal.example.com,,16,110,71,AWS,ap-southeast-1,387.1,healthy,2026-01-31 11:44:28,2025-09-19 08:37:16,2025-10-17 08:37:16
4af68ae3-dc8d-4c1e-92a6-8e0444f351b0,mongodb-dr-0064,database,0b86f888-18fa-41d7-9f06-8e24157e707a,Database for mongodb workload,dr,open,8.0,10.190.144.100,mongodb-dr-0064.internal.example.com,,36,256,9086,AWS,us-west-2,1780.6,healthy,2026-01-31 11:26:28,2025-10-26 10:00:36,2025-12-08 10:00:36
3511cf54-07cb-43ed-ace8-a27c1b0ae95f,lambda-deve-0065,cloud_service,eddf2c15-98d6-47b7-8dcc-5836e6fc0014,Cloud Service for lambda workload,development,open,1.0,10.72.179.80,lambda-deve-0065.internal.example.com,,4,10,42,GCP,us-central1,57.78,unhealthy,2026-01-31 11:03:28,2025-12-05 17:16:57,2026-01-16 17:16:57
954d3478-f911-4375-ab46-1ce16e93db18,kafka-stag-0066,message_queue,9fee8601-d9ae-4a80-8221-605196634a7b,Message Queue for kafka workload,staging,open,3.11,10.216.185.5,kafka-stag-0066.internal.example.com,,16,29,932,AWS,eu-west-1,311.2,healthy,2026-01-31 11:36:28,2025-04-07 06:58:23,2025-06-06 06:58:23
d1b819ce-2ce8-4ee8-a83b-dd382e6a6ee9,switch-test-0067,network,541cbcda-42b7-490b-83b8-1e60396f364d,Network for switch workload,testing,open,1.0,10.19.172.225,switch-test-0067.internal.example.com,,3,6,125,On-Premise,dc-west,38.15,healthy,2026-01-31 11:39:28,2025-03-24 06:17:31,2025-05-01 06:17:31
84de2734-7345-47b4-bf3a-48f973b7af21,kafka-prod-0068,message_queue,9e0f8d3a-b07a-4be3-8cea-977f89543359,Message Queue for kafka workload,production,open,3.11,10.229.119.137,kafka-prod-0068.internal.example.com,,14,54,343,Azure,southeastasia,268.19,healthy,2026-01-31 10:56:28,2025-09-16 10:02:19,2025-11-05 10:02:19
98d5cdef-7f77-4c57-aeeb-5abcc57e3a54,nfs-prod-0069,storage,c5bcb10b-185b-4c44-a597-6ced6cba68fe,Storage for nfs workload,production,open,1.0,10.70.128.14,nfs-prod-0069.internal.example.com,,5,24,35567,On-Premise,dc-asia,2558.29,healthy,2026-01-31 10:52:28,2025-09-02 17:42:29,2025-09-25 17:42:29
f4416966-308d-44fd-92bf-a9c4e938b7c5,k8s-node-deve-0070,container,dfee32ff-83a9-4f98-b35e-f6ec754fd1e6,Container for k8s-node workload,development,open,1.28,10.113.230.227,k8s-node-deve-0070.internal.example.com,,25,147,1251,AWS,eu-west-1,669.1,healthy,2026-01-31 11:46:28,2025-04-17 03:44:08,2025-05-13 03:44:08
0f3a16ca-0be2-443d-b557-92ac62e59943,worker-stag-0071,server,,Server for worker workload,staging,open,Amazon Linux 2,10.74.70.10,worker-stag-0071.internal.example.com,Amazon Linux 2,15,36,157,Azure,southeastasia,225.81,degraded,2026-01-31 11:17:28,2025-03-23 11:28:19,2025-05-06 11:28:19
435d2b5f-571b-4398-b9e9-1ffa9c5f98e2,reporting-stag-0072,application,6284d7b3-c605-4370-93f9-97ab0da34b42,Application for reporting workload,staging,open,1.0,10.147.121.78,reporting-stag-0072.internal.example.com,,15,13,330,AWS,us-east-1,209.0,healthy,2026-01-31 11:32:28,2025-12-09 07:01:24,2026-01-04 07:01:24
e29547be-9452-480b-a757-30f4840a6bef,cloudfunction-prod-0073,cloud_service,b9fe9953-0346-455c-94a1-c5a172a6e7b4,Cloud Service for cloudfunction workload,production,open,1.0,10.123.213.48,cloudfunction-prod-0073.internal.example.com,,2,5,47,On-Premise,dc-east,24.29,healthy,2026-01-31 11:42:28,2025-09-07 11:51:53,2025-10-10 11:51:53
b6b297d7-adcd-444b-8d81-896d716589dd,redis-dr-0074,cache,,Cache for redis workload,dr,open,6.0,10.182.34.89,redis-dr-0074.internal.example.com,,4,97,248,AWS,ap-southeast-1,258.8,healthy,2026-01-31 11:05:28,2025-08-10 21:02:34,2025-09-19 21:02:34
fb8f7a9d-4477-414d-8757-8785cc388e5d,elasticsearch-deve-0075,database,eddf2c15-98d6-47b7-8dcc-5836e6fc0014,Database for elasticsearch workload,development,open,8.0,10.69.32.184,elasticsearch-deve-0075.internal.example.com,,29,448,3368,GCP,us-east1,1370.52,healthy,2026-01-31 11:18:28,2025-09-26 05:13:50,2025-09-28 05:13:50
dba368ad-3cc8-4caf-96bf-0ab25c3c5aaa,nlb-prod-0076,load_balancer,3fa0669e-f615-46f6-a5a6-1bce70f24056,Load Balancer for nlb workload,production,open,1.0,10.97.146.92,nlb-prod-0076.internal.example.com,,12,33,189,Azure,eastus,194.66,degraded,2026-01-31 11:44:28,2025-09-30 21:01:50,2025-11-24 21:01:50
c55f29f5-6dc2-48d6-a219-5729b0cc9217,memcached-prod-0077,cache,,Cache for memcached workload,production,open,6.0,10.254.188.237,memcached-prod-0077.internal.example.com,,15,72,247,GCP,asia-east1,286.83,healthy,2026-01-31 11:30:28,2025-07-23 18:36:34,2025-09-12 18:36:34
49f00ff8-348d-4e43-93ea-b87723fb65f4,redis-prod-0078,database,1b317d1b-9bdd-4c2b-bffa-5e53d04b6c26,Database for redis workload,production,open,8.0,10.218.85.177,redis-prod-0078.internal.example.com,,28,370,5343,Azure,westeurope,1476.59,healthy,2026-01-31 11:19:28,2025-07-07 04:02:35,2025-07-09 04:02:35
79e8a3e6-f463-449c-9464-6f24165d3163,varnish-dr-0079,cache,9fee8601-d9ae-4a80-8221-605196634a7b,Cache for varnish workload,dr,open,6.0,10.224.17.33,varnish-dr-0079.internal.example.com,,10,62,312,GCP,us-central1,229.68,healthy,2026-01-31 10:58:28,2025-04-22 12:56:29,2025-06-02 12:56:29
749caa4a-d1f6-4712-8fc7-5b422a2a4e35,memcached-prod-0080,cache,9e0f8d3a-b07a-4be3-8cea-977f89543359,Cache for memcached workload,production,open,6.0,10.187.203.81,memcached-prod-0080.internal.example.com,,9,72,440,AWS,us-west-2,278.0,healthy,2026-01-31 11:32:28,2025-03-12 08:42:13,2025-03-19 08:42:13
80944ccf-f3dc-423d-a15f-97dcf0fe291a,proxy-prod-0081,server,7fa559bc-2833-4dcf-ac5b-1e2401d09160,Server for proxy workload,production,open,Amazon Linux 2,10.37.231.45,proxy-prod-0081.internal.example.com,Windows Server 2022,26,65,539,On-Premise,dc-east,310.73,unhealthy,2026-01-31 10:56:28,2025-10-09 19:05:45,2025-11-21 19:05:45
341e3d74-6345-4aa2-9ed5-4014c04af43a,varnish-prod-0082,cache,,Cache for varnish workload,production,open,6.0,10.114.62.253,varnish-prod-0082.internal.example.com,,6,107,413,AWS,eu-west-1,315.3,healthy,2026-01-31 11:39:28,2025-12-23 18:08:46,2026-01-07 18:08:46
36cb5c1b-de9b-4fc1-a97c-180475538a7f,s3-prod-0083,storage,,Storage for s3 workload,production,open,1.0,10.245.210.197,s3-prod-0083.internal.example.com,,6,12,41104,GCP,asia-east1,3774.96,healthy,2026-01-31 11:11:28,2025-03-16 14:12:05,2025-03-20 14:12:05
22396410-1036-47d7-8867-30d3ce4dc70e,inventory-deve-0084,application,9e0f8d3a-b07a-4be3-8cea-977f89543359,Application for inventory workload,development,open,1.0,10.66.221.129,inventory-deve-0084.internal.example.com,,4,60,474,On-Premise,dc-asia,145.18,degraded,2026-01-31 11:44:28,2025-11-10 11:06:07,2026-01-02 11:06:07
d5d770a3-c85f-4af3-9210-a422df9135be,elasticsearch-prod-0085,database,0b86f888-18fa-41d7-9f06-8e24157e707a,Database for elasticsearch workload,production,open,8.0,10.140.64.161,elasticsearch-prod-0085.internal.example.com,,22,209,9001,Azure,westus2,1461.19,healthy,2026-01-31 11:13:28,2025-06-25 14:40:44,2025-06-30 14:40:44
dcf0d9b8-b04f-4e79-bd24-a476dda48f5d,ecs-instance-prod-0086,container,8187278d-5d57-4ddc-9876-8c1f5b01debf,Container for ecs-instance workload,production,open,1.28,10.14.41.12,ecs-instance-prod-0086.internal.example.com,,46,118,1925,Azure,westus2,844.07,degraded,2026-01-31 10:58:28,2025-11-15 13:18:27,2025-12-21 13:18:27
bb88d143-268d-4d11-aca7-4e961b2e1343,nlb-deve-0087,load_balancer,9fee8601-d9ae-4a80-8221-605196634a7b,Load Balancer for nlb workload,development,open,1.0,10.207.152.117,nlb-deve-0087.internal.example.com,,12,26,127,On-Premise,dc-east,129.29,healthy,2026-01-31 11:44:28,2025-10-05 20:43:24,2025-10-15 20:43:24
587e6082-6f52-46aa-9362-188335e0ee2f,blob-stag-0088,storage,e62f6318-4753-4bd5-8bd7-54a1f6528b9b,Storage for blob workload,staging,open,1.0,10.189.54.82,blob-stag-0088.internal.example.com,,8,30,21926,Azure,westeurope,2215.97,healthy,2026-01-31 11:40:28,2025-07-27 02:19:28,2025-08-13 02:19:28
4eed41d6-2d62-47e7-8769-1e2c5bc92adc,nfs-prod-0089,storage,,Storage for nfs workload,production,open,1.0,10.160.97.196,nfs-prod-0089.internal.example.com,,8,27,28402,AWS,eu-west-1,2974.2,healthy,2026-01-31 11:15:28,2025-06-07 17:37:20,2025-07-06 17:37:20
2f284e96-d619-41df-bda1-ac64efa78b75,efs-stag-0090,storage,5dde88a6-aa1b-4250-9502-369757c5ad99,Storage for efs workload,staging,open,1.0,10.240.146.138,efs-stag-0090.internal.example.com,,3,26,24127,AWS,ap-southeast-1,2494.7,healthy,2026-01-31 11:41:28,2025-02-24 13:38:52,2025-03-23 13:38:52
a4ed7edb-cee2-4c26-9e55-02f31aac1ad3,inventory-deve-0091,application,0ab6f5c5-ff64-4df7-9fb8-1a2df130551f,Application for inventory workload,development,open,1.0,10.197.230.196,inventory-deve-0091.internal.example.com,,11,39,149,On-Premise,dc-eu,142.03,healthy,2026-01-31 10:55:28,2025-08-05 07:57:00,2025-09-13 07:57:00
5c22fe08-8d57-49a9-a527-37e9385133e3,lambda-prod-0092,cloud_service,e62f6318-4753-4bd5-8bd7-54a1f6528b9b,Cloud Service for lambda workload,production,open,1.0,10.20.23.10,lambda-prod-0092.internal.example.com,,3,5,35,AWS,ap-southeast-1,43.5,healthy,2026-01-31 11:26:28,2025-12-06 06:20:39,2026-01-26 06:20:39
ebcf4a2e-867d-411b-bb85-20eaca678a82,ceph-stag-0093,storage,,Storage for ceph workload,staging,open,1.0,10.250.153.122,ceph-stag-0093.internal.example.com,,4,13,26752,Azure,westeurope,2604.14,healthy,2026-01-31 11:24:28,2025-12-12 22:42:09,2026-01-02 22:42:09
05b9211d-5d09-40a8-9470-a7f98512e39b,redis-stag-0094,database,9fee8601-d9ae-4a80-8221-605196634a7b,Database for redis workload,staging,open,8.0,10.245.87.135,redis-stag-0094.internal.example.com,,58,429,9977,AWS,ap-southeast-1,2435.7,healthy,2026-01-31 11:08:28,2025-11-22 20:05:32,2026-01-10 20:05:32
af0d10e5-5be0-45de-acf7-4358b342db75,kafka-test-0095,message_queue,0b86f888-18fa-41d7-9f06-8e24157e707a,Message Queue for kafka workload,testing,open,3.11,10.211.104.106,kafka-test-0095.internal.example.com,,5,20,119,Azure,eastus,96.81,healthy,2026-01-31 11:08:28,2025-09-13 23:13:44,2025-11-10 23:13:44
b905cdb4-7dc5-444d-9a69-047d0ee27d6b,s3-deve-0096,storage,,Storage for s3 workload,development,open,1.0,10.175.181.174,s3-deve-0096.internal.example.com,,5,24,25695,Azure,westeurope,2534.12,healthy,2026-01-31 11:01:28,2025-07-10 18:06:47,2025-08-22 18:06:47
1ae43366-a924-4d2d-837e-e481f1b002b7,f5-stag-0097,load_balancer,5dde88a6-aa1b-4250-9502-369757c5ad99,Load Balancer for f5 workload,staging,open,1.0,10.178.140.74,f5-stag-0097.internal.example.com,,8,57,123,Azure,westeurope,195.99,healthy,2026-01-31 11:04:28,2025-05-18 05:36:42,2025-06-21 05:36:42
c123741a-8a28-48d1-b80c-d67773467c43,activemq-test-0098,message_queue,0b86f888-18fa-41d7-9f06-8e24157e707a,Message Queue for activemq workload,testing,open,3.11,10.109.103.212,activemq-test-0098.internal.example.com,,5,30,552,Azure,westeurope,156.94,healthy,2026-01-31 10:48:28,2026-01-01 21:08:40,2026-02-05 21:08:40
fe658f06-e702-42be-99cb-ac6afde76e99,nlb-prod-0099,load_balancer,eab1fa5b-ffa4-4067-bcce-6ce998814034,Load Balancer for nlb workload,production,open,1.0,10.241.51.175,nlb-prod-0099.internal.example.com,,12,22,109,Azure,westus2,166.16,healthy,2026-01-31 11:47:28,2025-02-26 15:27:21,2025-04-02 15:27:21
9a0c4139-b430-4d25-bc28-f29889ea9666,notification-deve-0100,application,c5bcb10b-185b-4c44-a597-6ced6cba68fe,Application for notification workload,development,in_progress,1.0,10.45.118.137,notification-deve-0100.internal.example.com,,6,24,196,On-Premise,dc-asia,89.32,healthy,2026-01-31 10:53:28,2025-12-27 13:57:42,2026-02-24 13:57:42
55e6ee5c-7cdb-4d54-986a-643aa9c06e7d,app-stag-0101,server,,Server for app workload,staging,open,RHEL 8,10.54.171.73,app-stag-0101.internal.example.com,Windows Server 2022,16,108,1114,Azure,eastus,463.03,unhealthy,2026-01-31 11:13:28,2025-06-28 13:10:18,2025-07-31 13:10:18
f8da0214-5659-4045-98d0-8824c856901e,nfs-test-0102,storage,ee0ab07b-68f0-4e1e-b88f-9ceeb03e83c7,Storage for nfs workload,testing,open,1.0,10.95.7.189,nfs-test-0102.internal.example.com,,4,13,48914,On-Premise,dc-eu,3470.18,healthy,2026-01-31 11:29:28,2025-09-23 11:24:40,2025-10-29 11:24:40
8fa23238-effc-41e6-b2dc-a0c13b0b4710,router-deve-0103,network,1b317d1b-9bdd-4c2b-bffa-5e53d04b6c26,Network for router workload,development,open,1.0,10.127.3.67,router-deve-0103.internal.example.com,,5,25,74,On-Premise,dc-asia,75.18,healthy,2026-01-31 11:19:28,2025-05-05 16:55:38,2025-06-22 16:55:38
d2e856c3-c358-4573-80a6-0d47819ad853,haproxy-prod-0104,load_balancer,0b86f888-18fa-41d7-9f06-8e24157e707a,Load Balancer for haproxy workload,production,open,1.0,10.159.60.164,haproxy-prod-0104.internal.example.com,,7,11,80,AWS,eu-west-1,100.0,degraded,2026-01-31 11:29:28,2025-09-26 22:58:41,2025-10-19 22:58:41
a32029af-a989-488c-8538-87cb4c5b3f9d,lambda-prod-0105,cloud_service,8187278d-5d57-4ddc-9876-8c1f5b01debf,Cloud Service for lambda workload,production,open,1.0,10.111.126.175,lambda-prod-0105.internal.example.com,,3,14,99,Azure,southeastasia,64.5,healthy,2026-01-31 10:52:28,2025-11-09 04:57:00,2025-12-29 04:57:00
e941457f-cc1f-402f-9214-49513aec3cb9,elasticsearch-stag-0106,database,,Database for elasticsearch workload,staging,open,8.0,10.76.84.84,elasticsearch-stag-0106.internal.example.com,,15,63,9472,GCP,us-central1,1100.88,degraded,2026-01-31 11:19:28,2025-10-16 19:10:05,2025-10-23 19:10:05
3e132c19-d427-4725-b3ce-960f8f7356d5,dns-stag-0107,network,ad376f29-742f-47ef-8cc6-6deccdeaa394,Network for dns workload,staging,open,1.0,10.157.11.102,dns-stag-0107.internal.example.com,,5,18,194,On-Premise,dc-east,73.78,healthy,2026-01-31 11:47:28,2025-03-02 08:09:10,2025-04-18 08:09:10
4491fd19-7667-476a-9849-283cff114acb,dns-prod-0108,network,eddf2c15-98d6-47b7-8dcc-5836e6fc0014,Network for dns workload,production,open,1.0,10.92.69.197,dns-prod-0108.internal.example.com,,2,32,67,On-Premise,dc-eu,63.49,healthy,2026-01-31 11:01:28,2025-09-29 12:57:47,2025-11-09 12:57:47
b7cf1f58-a41d-4bb8-b6f2-bf71a28e2b0f,sqs-dr-0109,message_queue,,Message Queue for sqs workload,dr,open,3.11,10.178.60.46,sqs-dr-0109.internal.example.com,,10,32,182,On-Premise,dc-asia,127.54,unhealthy,2026-01-31 11:22:28,2025-11-03 16:38:59,2025-12-06 16:38:59
f3d0f0ce-6c97-4ce1-aa41-c4ac1a25b6c7,reporting-dr-0110,application,,Application for reporting workload,dr,open,1.0,10.117.126.118,reporting-dr-0110.internal.example.com,,9,47,418,AWS,us-east-1,225.8,healthy,2026-01-31 11:30:28,2025-11-06 03:14:59,2025-11-18 03:14:59
9b9e4b36-1f4c-4067-8085-dce4167dbafe,mysql-test-0111,database,1b317d1b-9bdd-4c2b-bffa-5e53d04b6c26,Database for mysql workload,testing,open,8.0,10.24.125.190,mysql-test-0111.internal.example.com,,14,336,1050,On-Premise,dc-east,641.9,healthy,2026-01-31 11:19:28,2025-09-17 09:34:20,2025-10-01 09:34:20
50133837-0d53-423c-adc3-3525fc0fb685,k8s-node-deve-0112,container,3fa0669e-f615-46f6-a5a6-1bce70f24056,Container for k8s-node workload,development,open,1.28,10.164.121.78,k8s-node-deve-0112.internal.example.com,,22,240,1698,AWS,us-west-2,869.8,degraded,2026-01-31 11:05:28,2025-11-21 23:25:07,2025-12-24 23:25:07
821d2685-c5c3-4885-aed5-764fb5c1aeaa,vpn-prod-0113,network,3630dfb9-c14d-4f28-a4f2-4de2fc2c434a,Network for vpn workload,production,open,1.0,10.163.213.105,vpn-prod-0113.internal.example.com,,6,19,62,AWS,us-west-2,104.2,healthy,2026-01-31 11:23:28,2025-07-27 11:13:48,2025-08-07 11:13:48
ad594abc-a87d-45d4-863e-5478c3ac38d5,docker-host-prod-0114,container,,Container for docker-host workload,production,open,1.28,10.213.68.100,docker-host-prod-0114.internal.example.com,,17,238,1148,Azure,westeurope,722.76,healthy,2026-01-31 11:34:28,2025-03-02 08:17:01,2025-03-23 08:17:01
fcb3133e-7dc2-4337-8ab0-479a3df85769,redis-test-0115,database,8e1c81ff-9d7e-446d-849f-8ac123da8bef,Database for redis workload,testing,open,8.0,10.111.245.54,redis-test-0115.internal.example.com,,51,341,1147,AWS,us-west-2,1306.7,degraded,2026-01-31 11:26:28,2025-03-09 18:39:30,2025-03-28 18:39:30
2a8cb3d9-3bc6-4761-93c3-06c64e79f707,app-test-0116,server,,Server for app workload,testing,open,RHEL 8,10.144.194.120,app-test-0116.internal.example.com,Amazon Linux 2,26,85,1541,AWS,ap-southeast-1,584.1,healthy,2026-01-31 11:24:28,2025-08-22 20:31:17,2025-09-23 20:31:17
db0b339c-5280-4b30-a50f-fbbe101b1e7c,blob-prod-0117,storage,,Storage for blob workload,production,in_progress,1.0,10.74.8.67,blob-prod-0117.internal.example.com,,4,18,28127,On-Premise,dc-eu,2022.09,healthy,2026-01-31 11:10:28,2025-02-24 08:17:19,2025-04-02 08:17:19
2914ee21-f270-4813-a80a-6b81cc596da4,sqs-prod-0118,message_queue,f24639db-705d-4ac1-a0be-3de9c28ea784,Message Queue for sqs workload,production,open,3.11,10.250.251.118,sqs-prod-0118.internal.example.com,,7,39,663,GCP,us-east1,192.87,healthy,2026-01-31 10:57:28,2026-01-02 00:05:53,2026-01-24 00:05:53
81199b18-9e70-4cb1-9c73-46f498479de1,payment-deve-0119,application,,Application for payment workload,development,open,1.0,10.38.24.196,payment-deve-0119.internal.example.com,,10,45,80,On-Premise,dc-west,138.6,healthy,2026-01-31 11:39:28,2025-10-26 13:02:21,2025-12-18 13:02:21
22b9e7be-27e5-4876-bd88-0e2bf981437d,firewall-deve-0120,network,9e0f8d3a-b07a-4be3-8cea-977f89543359,Network for firewall workload,development,open,1.0,10.210.6.5,firewall-deve-0120.internal.example.com,,2,23,173,AWS,us-west-2,83.3,healthy,2026-01-31 11:30:28,2025-10-07 12:22:49,2025-11-10 12:22:49
1ac5c77a-1ecd-4c79-9153-48bfb8fe9d1e,alb-stag-0121,load_balancer,ee0ab07b-68f0-4e1e-b88f-9ceeb03e83c7,Load Balancer for alb workload,staging,open,1.0,10.181.136.204,alb-stag-0121.internal.example.com,,12,17,111,On-Premise,dc-west,115.57,healthy,2026-01-31 11:24:28,2025-05-10 10:22:23,2025-06-04 10:22:23
f543f0e2-366c-4154-b705-073db0aee5db,ceph-prod-0122,storage,80527c4d-716a-4966-9c08-859ddc506570,Storage for ceph workload,production,open,1.0,10.193.243.15,ceph-prod-0122.internal.example.com,,2,28,43591,Azure,westeurope,4213.35,healthy,2026-01-31 11:03:28,2025-02-16 15:12:43,2025-02-26 15:12:43
de0c9da1-95bc-48c7-9f72-7c86590ac0eb,redis-test-0123,database,,Database for redis workload,testing,open,8.0,10.38.143.231,redis-test-0123.internal.example.com,,10,149,3963,GCP,us-central1,714.87,healthy,2026-01-31 11:05:28,2025-11-18 05:07:12,2025-11-20 05:07:12
562e6177-63d7-4939-a7d4-8429f3e87fcd,inventory-prod-0124,application,0b86f888-18fa-41d7-9f06-8e24157e707a,Application for inventory workload,production,open,1.0,10.199.169.99,inventory-prod-0124.internal.example.com,,15,29,89,Azure,westus2,206.06,healthy,2026-01-31 11:39:28,2025-07-03 17:43:20,2025-08-22 17:43:20
79af56a6-fbc7-4166-bdee-e0b103f1bd95,elasticsearch-deve-0125,database,5dde88a6-aa1b-4250-9502-369757c5ad99,Database for elasticsearch workload,development,closed,8.0,10.203.167.8,elasticsearch-deve-0125.internal.example.com,,61,70,6080,GCP,us-central1,1222.2,healthy,2026-01-31 10:57:28,2025-12-07 10:09:28,2026-01-04 10:09:28
226eb2c0-965c-41ff-89cb-f2ebde4dcd23,nfs-prod-0126,storage,b9fe9953-0346-455c-94a1-c5a172a6e7b4,Storage for nfs workload,production,open,1.0,10.37.42.69,nfs-prod-0126.internal.example.com,,7,20,6616,On-Premise,dc-asia,540.12,healthy,2026-01-31 11:02:28,2025-12-13 22:33:43,2026-02-01 22:33:43
a77a6d57-c76c-4270-8aa5-ff9fe930e999,reporting-prod-0127,application,3fa0669e-f615-46f6-a5a6-1bce70f24056,Application for reporting workload,production,open,1.0,10.95.220.115,reporting-prod-0127.internal.example.com,,9,27,439,GCP,us-central1,169.11,healthy,2026-01-31 11:15:28,2025-06-18 15:31:47,2025-07-14 15:31:47
ca74401b-710b-4f84-941f-6fdbc647f0d9,mysql-prod-0128,database,,Database for mysql workload,production,open,8.0,10.124.86.176,mysql-prod-0128.internal.example.com,,8,181,7279,AWS,eu-west-1,1169.9,healthy,2026-01-31 11:39:28,2025-08-17 14:53:29,2025-09-03 14:53:29
51433cfe-b9a1-4192-8f3b-029eae9e262a,haproxy-stag-0129,load_balancer,3630dfb9-c14d-4f28-a4f2-4de2fc2c434a,Load Balancer for haproxy workload,staging,in_progress,1.0,10.253.100.118,haproxy-stag-0129.internal.example.com,,8,38,69,AWS,us-west-2,162.9,healthy,2026-01-31 11:28:28,2025-08-03 20:58:18,2025-08-03 20:58:18
9984c89c-b90f-4763-9f8c-bf9de161242c,sqs-test-0130,message_queue,3630dfb9-c14d-4f28-a4f2-4de2fc2c434a,Message Queue for sqs workload,testing,open,3.11,10.102.245.81,sqs-test-0130.internal.example.com,,14,46,239,On-Premise,dc-eu,179.13,healthy,2026-01-31 11:22:28,2025-07-03 23:28:58,2025-07-23 23:28:58
3c7d83fc-c09b-4895-bd62-52cd27aae199,nginx-dr-0131,load_balancer,f24639db-705d-4ac1-a0be-3de9c28ea784,Load Balancer for nginx workload,dr,open,1.0,10.92.13.244,nginx-dr-0131.internal.example.com,,16,33,143,Azure,westeurope,228.28,healthy,2026-01-31 11:02:28,2025-03-31 08:20:13,2025-04-13 08:20:13
ec69f0fe-62e7-4278-81a0-9c0dddfafaf6,efs-test-0132,storage,541cbcda-42b7-490b-83b8-1e60396f364d,Storage for efs workload,testing,open,1.0,10.216.193.19,efs-test-0132.internal.example.com,,7,17,16861,AWS,ap-southeast-1,1790.1,healthy,2026-01-31 11:09:28,2025-06-10 11:47:20,2025-07-10 11:47:20
16136614-e26d-4045-92e5-9161e3b6a0c0,cloudfunction-stag-0133,cloud_service,9e0f8d3a-b07a-4be3-8cea-977f89543359,Cloud Service for cloudfunction workload,staging,open,1.0,10.22.204.248,cloudfunction-stag-0133.internal.example.com,,1,4,41,On-Premise,dc-east,15.47,healthy,2026-01-31 10:57:28,2025-07-31 17:51:50,2025-08-27 17:51:50
92691dcf-7185-4abf-91db-1ea46dd88e54,mysql-prod-0134,database,8e1c81ff-9d7e-446d-849f-8ac123da8bef,Database for mysql workload,production,closed,8.0,10.247.53.76,mysql-prod-0134.internal.example.com,,37,427,8699,Azure,westus2,1989.2,healthy,2026-01-31 11:42:28,2025-04-19 00:22:03,2025-04-26 00:22:03
86c844a0-5057-4c71-b389-f1886d1d60b0,inventory-prod-0135,application,9e0f8d3a-b07a-4be3-8cea-977f89543359,Application for inventory workload,production,open,1.0,10.22.58.6,inventory-prod-0135.internal.example.com,,9,10,274,On-Premise,dc-west,96.18,healthy,2026-01-31 11:06:28,2025-09-19 23:25:08,2025-09-25 23:25:08
daea5281-7245-4dbf-96fd-549047824b30,reporting-prod-0136,application,3630dfb9-c14d-4f28-a4f2-4de2fc2c434a,Application for reporting workload,production,open,1.0,10.221.202.8,reporting-prod-0136.internal.example.com,,9,18,458,Azure,westus2,163.21,healthy,2026-01-31 10:51:28,2025-08-27 10:44:11,2025-09-08 10:44:11
66705449-ac2f-4277-ba4b-f06cd7a0115f,ceph-stag-0137,storage,c5bcb10b-185b-4c44-a597-6ced6cba68fe,Storage for ceph workload,staging,open,1.0,10.166.100.118,ceph-stag-0137.internal.example.com,,7,10,38837,AWS,us-west-2,3973.7,healthy,2026-01-31 11:05:28,2025-03-25 07:21:19,2025-05-19 07:21:19
fecfed46-06bf-4df6-b042-1f57cd2b4490,ceph-dr-0138,storage,b9fe9953-0346-455c-94a1-c5a172a6e7b4,Storage for ceph workload,dr,open,1.0,10.152.43.173,ceph-dr-0138.internal.example.com,,2,19,24067,GCP,asia-east1,2218.23,healthy,2026-01-31 11:40:28,2025-09-23 10:17:06,2025-10-08 10:17:06
f237a3e1-b381-4e50-b82d-03060674d7a7,alb-prod-0139,load_balancer,541cbcda-42b7-490b-83b8-1e60396f364d,Load Balancer for alb workload,production,open,1.0,10.88.85.126,alb-prod-0139.internal.example.com,,13,32,158,Azure,southeastasia,199.31,healthy,2026-01-31 11:36:28,2025-05-07 05:31:36,2025-05-27 05:31:36
adf01df8-f06f-449c-985e-9e4d5c4ae820,ceph-prod-0140,storage,6284d7b3-c605-4370-93f9-97ab0da34b42,Storage for ceph workload,production,open,1.0,10.251.212.182,ceph-prod-0140.internal.example.com,,8,20,37803,GCP,us-central1,3510.27,healthy,2026-01-31 11:16:28,2025-10-17 11:35:07,2025-10-27 11:35:07
a3581c5c-c597-4977-a4d2-b5c789f129b0,elasticsearch-prod-0141,database,5dde88a6-aa1b-4250-9502-369757c5ad99,Database for elasticsearch workload,production,open,8.0,10.253.57.147,elasticsearch-prod-0141.internal.example.com,,42,179,3255,Azure,westeurope,1048.33,healthy,2026-01-31 10:58:28,2025-09-23 08:24:08,2025-10-27 08:24:08
f965c2fd-a259-46b6-be63-8ae76bfa119f,varnish-test-0142,cache,3630dfb9-c14d-4f28-a4f2-4de2fc2c434a,Cache for varnish workload,testing,open,6.0,10.16.230.68,varnish-test-0142.internal.example.com,,5,110,474,AWS,ap-southeast-1,317.4,healthy,2026-01-31 10:55:28,2025-12-31 20:49:12,2026-01-05 20:49:12
0b31c2e5-c214-4363-a48f-3d68e5615aee,s3-deve-0143,storage,,Storage for s3 workload,development,open,1.0,10.71.105.209,s3-deve-0143.internal.example.com,,6,30,23978,Azure,westus2,2391.91,healthy,2026-01-31 11:44:28,2025-12-10 10:50:46,2026-01-15 10:50:46
8ea488ce-98b4-484e-a583-2f435a9e805a,varnish-prod-0144,cache,,Cache for varnish workload,production,closed,6.0,10.48.69.247,varnish-prod-0144.internal.example.com,,8,53,343,Azure,westeurope,209.28,healthy,2026-01-31 11:21:28,2025-06-17 06:32:13,2025-08-14 06:32:13
229c28c0-a0ba-47c7-81bb-999769580c0f,api-test-0145,server,0b86f888-18fa-41d7-9f06-8e24157e707a,Server for api workload,testing,open,Windows Server 2022,10.137.212.97,api-test-0145.internal.example.com,Windows Server 2022,14,114,606,Azure,westus2,407.17,healthy,2026-01-31 10:57:28,2025-10-08 16:59:02,2025-12-03 16:59:02
5b789c9e-db0c-405f-b686-5fe0e7771dc9,redis-stag-0146,database,9c1bf4ca-cf8a-451e-a0a4-3af8f7f10f65,Database for redis workload,staging,open,8.0,10.183.32.204,redis-stag-0146.internal.example.com,,28,329,540,GCP,europe-west1,892.8,healthy,2026-01-31 11:34:28,2025-03-20 04:29:57,2025-04-16 04:29:57
0fd1ec77-7604-4432-97a6-1a34e8f26467,vpn-prod-0147,network,541cbcda-42b7-490b-83b8-1e60396f364d,Network for vpn workload,production,open,1.0,10.235.8.32,vpn-prod-0147.internal.example.com,,6,31,174,GCP,europe-west1,125.46,degraded,2026-01-31 11:37:28,2025-07-25 13:34:13,2025-08-22 13:34:13
220235ac-1664-4bf4-ab9a-3a5e780fff50,s3-dr-0148,storage,,Storage for s3 workload,dr,open,1.0,10.184.128.22,s3-dr-0148.internal.example.com,,3,28,20783,On-Premise,dc-west,1515.01,healthy,2026-01-31 10:50:28,2025-04-22 21:47:04,2025-06-02 21:47:04
4e4a0b9f-3a53-4c2c-823c-d92a1e871904,auth-prod-0149,application,1b317d1b-9bdd-4c2b-bffa-5e53d04b6c26,Application for auth workload,production,open,1.0,10.115.227.3,auth-prod-0149.internal.example.com,,13,10,50,GCP,us-east1,139.5,healthy,2026-01-31 11:26:28,2025-05-21 05:10:04,2025-07-12 05:10:04
397d583b-3182-4e0a-a259-a59b5d305660,redis-deve-0150,database,1b317d1b-9bdd-4c2b-bffa-5e53d04b6c26,Database for redis workload,development,open,8.0,10.153.70.98,redis-deve-0150.internal.example.com,,54,444,2178,On-Premise,dc-east,1152.06,healthy,2026-01-31 10:59:28,2025-03-24 23:12:59,2025-05-18 23:12:59
5396b87f-69d5-49d0-8991-08349380bd98,reporting-dr-0151,application,f9c1269b-0495-436f-b7f9-ba6e77ec6bda,Application for reporting workload,dr,open,1.0,10.77.210.158,reporting-dr-0151.internal.example.com,,11,45,134,Azure,eastus,202.73,healthy,2026-01-31 10:52:28,2025-09-14 00:35:38,2025-09-27 00:35:38
885fe480-b61e-45e5-a039-d73240d9206a,mysql-prod-0152,database,3630dfb9-c14d-4f28-a4f2-4de2fc2c434a,Database for mysql workload,production,open,8.0,10.127.145.200,mysql-prod-0152.internal.example.com,,28,437,2790,AWS,ap-southeast-1,1433.0,degraded,2026-01-31 11:46:28,2025-06-06 21:53:30,2025-07-30 21:53:30
9f0ae9df-e036-4441-806b-93559c1eb053,nlb-stag-0153,load_balancer,0ab6f5c5-ff64-4df7-9fb8-1a2df130551f,Load Balancer for nlb workload,staging,open,1.0,10.255.36.136,nlb-stag-0153.internal.example.com,,16,58,111,Azure,southeastasia,272.75,degraded,2026-01-31 11:47:28,2025-10-12 01:51:26,2025-11-04 01:51:26
6163938c-bc64-4e42-ba65-41e07480bde6,redis-prod-0154,cache,dfee32ff-83a9-4f98-b35e-f6ec754fd1e6,Cache for redis workload,production,open,6.0,10.7.134.56,redis-prod-0154.internal.example.com,,16,76,444,On-Premise,dc-eu,249.48,healthy,2026-01-31 11:44:28,2025-03-09 12:24:55,2025-05-08 12:24:55
d4f78d5c-f7c7-4254-84f4-f0c35cb5ca65,sqs-deve-0155,message_queue,1b317d1b-9bdd-4c2b-bffa-5e53d04b6c26,Message Queue for sqs workload,development,open,3.11,10.158.40.131,sqs-deve-0155.internal.example.com,,14,42,650,On-Premise,dc-asia,202.3,degraded,2026-01-31 10:56:28,2025-12-12 17:22:00,2025-12-21 17:22:00
af7308a2-f409-471d-90ab-51431150cea6,docker-host-prod-0156,container,8187278d-5d57-4ddc-9876-8c1f5b01debf,Container for docker-host workload,production,in_progress,1.28,10.59.232.157,docker-host-prod-0156.internal.example.com,,62,93,318,AWS,eu-west-1,837.8,healthy,2026-01-31 11:28:28,2025-06-05 14:56:48,2025-07-17 14:56:48
a762ae60-ba9f-4dc0-b2c3-a5fe6de5dff8,auth-prod-0157,application,9e0f8d3a-b07a-4be3-8cea-977f89543359,Application for auth workload,production,open,1.0,10.137.60.198,auth-prod-0157.internal.example.com,,10,37,450,Azure,eastus,208.05,degraded,2026-01-31 11:26:28,2025-06-12 17:53:12,2025-08-02 17:53:12
a762eb0b-9e18-4ff8-b23d-82a8d0777a7c,sqs-stag-0158,message_queue,ad376f29-742f-47ef-8cc6-6deccdeaa394,Message Queue for sqs workload,staging,open,3.11,10.130.52.229,sqs-stag-0158.internal.example.com,,9,11,611,GCP,us-central1,155.79,healthy,2026-01-31 11:01:28,2025-11-17 17:53:01,2025-11-24 17:53:01
d14812cb-caa4-432b-a7b0-0975766db33e,dns-prod-0159,network,9e0f8d3a-b07a-4be3-8cea-977f89543359,Network for dns workload,production,open,1.0,10.214.114.83,dns-prod-0159.internal.example.com,,5,8,95,AWS,us-west-2,75.5,healthy,2026-01-31 10:49:28,2025-02-19 07:56:13,2025-04-06 07:56:13
914824f8-fab7-4a3c-a6e5-c961900b5acc,memcached-test-0160,cache,eab1fa5b-ffa4-4067-bcce-6ce998814034,Cache for memcached workload,testing,closed,6.0,10.35.238.222,memcached-test-0160.internal.example.com,,4,38,164,GCP,us-central1,119.16,healthy,2026-01-31 10:53:28,2025-10-22 13:28:47,2025-11-10 13:28:47
ea634f6b-18d9-48dd-b781-9a263130947e,redis-stag-0161,cache,b9fe9953-0346-455c-94a1-c5a172a6e7b4,Cache for redis workload,staging,open,6.0,10.252.100.188,redis-stag-0161.internal.example.com,,16,54,428,AWS,eu-west-1,310.8,degraded,2026-01-31 10:59:28,2025-12-15 20:38:23,2026-02-03 20:38:23
11e25686-a67e-41ef-b460-f7ff4a084cf2,router-prod-0162,network,9e0f8d3a-b07a-4be3-8cea-977f89543359,Network for router workload,production,open,1.0,10.192.157.27,router-prod-0162.internal.example.com,,7,30,52,On-Premise,dc-east,94.64,healthy,2026-01-31 11:32:28,2025-07-21 11:51:39,2025-08-16 11:51:39
a3c3fbec-1c94-4e37-af94-c35482bf8f21,s3-dr-0163,storage,fa8b3d62-d044-4c49-8ca7-4efaa127c730,Storage for s3 workload,dr,closed,1.0,10.43.48.130,s3-dr-0163.internal.example.com,,3,24,28070,Azure,westeurope,2740.75,healthy,2026-01-31 10:55:28,2025-08-10 04:29:59,2025-09-04 04:29:59
297c4236-81ab-4f6a-a7c6-97c1bd29af43,elasticsearch-stag-0164,database,7fa559bc-2833-4dcf-ac5b-1e2401d09160,Database for elasticsearch workload,staging,open,8.0,10.119.38.242,elasticsearch-stag-0164.internal.example.com,,62,193,6938,On-Premise,dc-west,1189.86,healthy,2026-01-31 10:58:28,2025-07-17 23:23:16,2025-09-04 23:23:16
f18b28fa-242a-4295-83dd-7be8aa7598a1,lambda-prod-0165,cloud_service,3630dfb9-c14d-4f28-a4f2-4de2fc2c434a,Cloud Service for lambda workload,production,open,1.0,10.61.46.41,lambda-prod-0165.internal.example.com,,1,12,36,Azure,southeastasia,35.72,healthy,2026-01-31 11:28:28,2025-09-19 23:01:58,2025-11-10 23:01:58
cd37e02c-0d67-4718-a223-55740397bab4,lambda-prod-0166,cloud_service,5dde88a6-aa1b-4250-9502-369757c5ad99,Cloud Service for lambda workload,production,open,1.0,10.89.15.244,lambda-prod-0166.internal.example.com,,3,13,75,GCP,us-east1,57.15,healthy,2026-01-31 11:19:28,2025-02-25 22:41:17,2025-04-01 22:41:17
18fd172f-3199-43dc-8b66-5da9cc302f61,k8s-node-prod-0167,container,0ab6f5c5-ff64-4df7-9fb8-1a2df130551f,Container for k8s-node workload,production,open,1.28,10.190.43.150,k8s-node-prod-0167.internal.example.com,,61,231,655,AWS,us-west-2,1137.5,healthy,2026-01-31 10:49:28,2025-04-07 19:01:17,2025-05-29 19:01:17
0a81b48a-53dd-4342-a938-6a976e652464,mysql-dr-0168,database,,Database for mysql workload,dr,in_progress,8.0,10.25.86.237,mysql-dr-0168.internal.example.com,,13,495,5932,Azure,southeastasia,1627.54,healthy,2026-01-31 10:55:28,2025-04-03 13:21:44,2025-05-19 13:21:44
b851b00b-7cc0-42d9-a5bf-af72afbe7551,activemq-prod-0169,message_queue,fa8b3d62-d044-4c49-8ca7-4efaa127c730,Message Queue for activemq workload,production,open,3.11,10.125.151.128,activemq-prod-0169.internal.example.com,,6,25,386,On-Premise,dc-west,104.02,healthy,2026-01-31 11:12:28,2025-09-16 17:13:09,2025-10-16 17:13:09
8acb3662-2d76-44c8-89b0-54404124f32b,web-prod-0170,server,eab1fa5b-ffa4-4067-bcce-6ce998814034,Server for web workload,production,open,Ubuntu 22.04,10.248.176.234,web-prod-0170.internal.example.com,Amazon Linux 2,29,75,610,Azure,southeastasia,475.95,healthy,2026-01-31 11:36:28,2025-08-15 00:52:57,2025-08-16 00:52:57
ce476033-fa79-4f06-82f1-b36a5d79c16f,varnish-prod-0171,cache,,Cache for varnish workload,production,closed,6.0,10.51.126.169,varnish-prod-0171.internal.example.com,,11,83,233,GCP,us-central1,269.37,healthy,2026-01-31 11:13:28,2025-11-26 20:16:56,2026-01-17 20:16:56
be8068dd-2ddd-4788-a1ec-e795f8dfea6f,app-stag-0172,server,,Server for app workload,staging,open,RHEL 8,10.183.14.181,app-stag-0172.internal.example.com,Amazon Linux 2,31,30,460,On-Premise,dc-eu,291.2,degraded,2026-01-31 11:11:28,2025-11-30 23:23:09,2025-12-09 23:23:09
2dc68f81-3734-465e-9874-6d8fae443e1e,lambda-test-0173,cloud_service,0ab6f5c5-ff64-4df7-9fb8-1a2df130551f,Cloud Service for lambda workload,testing,open,1.0,10.244.0.85,lambda-test-0173.internal.example.com,,1,2,39,On-Premise,dc-eu,12.53,degraded,2026-01-31 11:35:28,2025-12-05 19:46:27,2026-01-25 19:46:27
ad4fae2e-e2a8-44f5-abc3-21152c8b1acd,inventory-deve-0174,application,b9fe9953-0346-455c-94a1-c5a172a6e7b4,Application for inventory workload,development,in_progress,1.0,10.37.191.181,inventory-deve-0174.internal.example.com,,13,62,122,GCP,us-central1,239.58,degraded,2026-01-31 11:22:28,2025-03-29 06:58:10,2025-05-05 06:58:10
15ec5d06-931e-4eba-a23f-bb1d2c2f334d,mongodb-prod-0175,database,3630dfb9-c14d-4f28-a4f2-4de2fc2c434a,Database for mongodb workload,production,open,8.0,10.182.114.171,mongodb-prod-0175.internal.example.com,,58,359,8482,Azure,westus2,2038.89,healthy,2026-01-31 11:36:28,2025-12-29 23:21:34,2026-01-22 23:21:34
b6a78847-afbe-458d-8598-8b24a8aec9a3,haproxy-prod-0176,load_balancer,,Load Balancer for haproxy workload,production,open,1.0,10.113.53.240,haproxy-prod-0176.internal.example.com,,16,44,58,AWS,ap-southeast-1,253.8,healthy,2026-01-31 11:26:28,2025-05-05 09:44:24,2025-06-21 09:44:24
1267b3ea-59b3-47f4-bae3-5c9dcbfca46e,postgres-prod-0177,database,1b317d1b-9bdd-4c2b-bffa-5e53d04b6c26,Database for postgres workload,production,open,8.0,10.127.34.90,postgres-prod-0177.internal.example.com,,60,394,6000,GCP,us-east1,1789.2,healthy,2026-01-31 11:41:28,2025-09-16 12:13:21,2025-11-01 12:13:21
1a4189a7-ca6e-401a-9faf-db9ce91da8b0,web-prod-0178,server,,Server for web workload,production,open,Amazon Linux 2,10.245.115.42,web-prod-0178.internal.example.com,Windows Server 2022,19,120,875,On-Premise,dc-west,362.25,healthy,2026-01-31 10:53:28,2025-11-07 01:28:25,2025-11-09 01:28:25
df214f35-3069-42a1-8440-3b6227ca4637,alb-prod-0179,load_balancer,eab1fa5b-ffa4-4067-bcce-6ce998814034,Load Balancer for alb workload,production,open,1.0,10.247.15.111,alb-prod-0179.internal.example.com,,10,18,69,AWS,us-east-1,142.9,degraded,2026-01-31 11:37:28,2025-11-07 15:11:51,2025-12-15 15:11:51
ffbae98c-2274-4ceb-86e6-1ce97c090642,kafka-prod-0180,message_queue,,Message Queue for kafka workload,production,open,3.11,10.152.121.25,kafka-prod-0180.internal.example.com,,10,52,667,GCP,us-east1,243.63,healthy,2026-01-31 11:11:28,2025-11-03 21:27:56,2025-12-08 21:27:56
0be27d02-8aa2-4b68-9d93-ebdc531b61be,nfs-prod-0181,storage,f24639db-705d-4ac1-a0be-3de9c28ea784,Storage for nfs workload,production,open,1.0,10.105.87.164,nfs-prod-0181.internal.example.com,,7,28,40335,AWS,ap-southeast-1,4159.5,healthy,2026-01-31 11:42:28,2025-10-03 19:04:39,2025-11-02 19:04:39
a77b59bc-6f0e-4228-b498-868376945ea5,mongodb-deve-0182,database,,Database for mongodb workload,development,open,8.0,10.195.189.48,mongodb-deve-0182.internal.example.com,,24,78,9414,On-Premise,dc-asia,936.18,healthy,2026-01-31 11:31:28,2025-08-17 18:32:20,2025-09-14 18:32:20
b5aca436-23d9-4045-828f-da8ce3899a0e,efs-prod-0183,storage,0b86f888-18fa-41d7-9f06-8e24157e707a,Storage for efs workload,production,open,1.0,10.116.31.216,efs-prod-0183.internal.example.com,,7,11,6616,GCP,us-central1,678.24,healthy,2026-01-31 11:14:28,2025-07-27 07:31:16,2025-08-22 07:31:16
f5843d2b-a319-483e-aa69-f0d891590fe6,ecs-instance-test-0184,container,1b317d1b-9bdd-4c2b-bffa-5e53d04b6c26,Container for ecs-instance workload,testing,open,1.28,10.75.61.244,ecs-instance-test-0184.internal.example.com,,33,250,1662,On-Premise,dc-west,697.34,healthy,2026-01-31 11:36:28,2025-02-18 06:05:19,2025-04-19 06:05:19
56af5661-8b95-4621-ac58-75277ee7246d,payment-test-0185,application,7f62fecd-2388-45ac-b906-de6be5343086,Application for payment workload,testing,open,1.0,10.132.163.234,payment-test-0185.internal.example.com,,8,16,471,Azure,eastus,151.14,healthy,2026-01-31 10:56:28,2025-12-18 17:11:30,2025-12-22 17:11:30
eae4ce4a-9426-49a3-86f7-6998848679bd,redis-stag-0186,database,fa8b3d62-d044-4c49-8ca7-4efaa127c730,Database for redis workload,staging,open,8.0,10.75.51.237,redis-stag-0186.internal.example.com,,63,38,9061,GCP,europe-west1,1450.89,healthy,2026-01-31 10:58:28,2025-09-02 15:54:16,2025-09-08 15:54:16
a5c64c89-6e19-4330-87bc-9ba55b6d53f8,f5-test-0187,load_balancer,9c1bf4ca-cf8a-451e-a0a4-3af8f7f10f65,Load Balancer for f5 workload,testing,open,1.0,10.73.205.10,f5-test-0187.internal.example.com,,13,46,171,On-Premise,dc-eu,167.37,healthy,2026-01-31 10:51:28,2025-02-19 18:04:38,2025-03-12 18:04:38
9236425a-e2d4-401f-b91f-5be37e89e0f8,firewall-deve-0188,network,f24639db-705d-4ac1-a0be-3de9c28ea784,Network for firewall workload,development,in_progress,1.0,10.50.116.35,firewall-deve-0188.internal.example.com,,8,13,129,GCP,europe-west1,107.01,healthy,2026-01-31 11:00:28,2025-06-24 05:42:25,2025-07-22 05:42:25
c4babe32-8982-4b1f-914c-f802f712eae9,memcached-deve-0189,cache,fa8b3d62-d044-4c49-8ca7-4efaa127c730,Cache for memcached workload,development,open,6.0,10.81.33.80,memcached-deve-0189.internal.example.com,,10,110,298,AWS,us-west-2,349.8,healthy,2026-01-31 11:22:28,2025-10-23 01:25:17,2025-10-31 01:25:17
6e9a983c-e9f3-4256-b39d-107e3cce882d,ecs-instance-prod-0190,container,,Container for ecs-instance workload,production,open,1.28,10.140.188.211,ecs-instance-prod-0190.internal.example.com,,23,40,1134,Azure,westus2,402.23,healthy,2026-01-31 11:22:28,2025-02-26 00:55:43,2025-04-07 00:55:43
5c57a0dc-cc93-490f-91fc-639c68aba9f1,mysql-prod-0191,database,80527c4d-716a-4966-9c08-859ddc506570,Database for mysql workload,production,open,8.0,10.132.46.73,mysql-prod-0191.internal.example.com,,38,332,9533,On-Premise,dc-asia,1398.11,healthy,2026-01-31 11:44:28,2025-07-30 00:20:29,2025-08-09 00:20:29
9afb888c-a5ad-411b-be47-dae081d205ff,lambda-test-0192,cloud_service,3630dfb9-c14d-4f28-a4f2-4de2fc2c434a,Cloud Service for lambda workload,testing,open,1.0,10.4.114.65,lambda-test-0192.internal.example.com,,1,1,70,Azure,westus2,18.05,healthy,2026-01-31 11:28:28,2025-04-09 11:22:40,2025-05-24 11:22:40
a14e7873-9d59-4476-b927-6676a2340a25,nginx-test-0193,load_balancer,9ce9f7de-26d1-44ff-a36f-b76bcde19def,Load Balancer for nginx workload,testing,open,1.0,10.3.191.144,nginx-test-0193.internal.example.com,,8,51,183,GCP,asia-east1,180.27,healthy,2026-01-31 11:09:28,2025-12-17 02:16:03,2026-01-04 02:16:03
ae7e6350-96b8-4afe-bbdb-05c4c69472fc,alb-stag-0194,load_balancer,80527c4d-716a-4966-9c08-859ddc506570,Load Balancer for alb workload,staging,open,1.0,10.123.29.207,alb-stag-0194.internal.example.com,,8,24,126,GCP,europe-west1,126.54,degraded,2026-01-31 10:56:28,2025-05-07 17:15:59,2025-06-14 17:15:59
13b410a8-52e2-44f7-a9d0-e5d8c16d0768,sqs-deve-0195,message_queue,,Message Queue for sqs workload,development,open,3.11,10.97.175.186,sqs-deve-0195.internal.example.com,,8,34,514,AWS,ap-southeast-1,199.4,healthy,2026-01-31 11:04:28,2025-08-17 13:05:37,2025-09-20 13:05:37
5b254b52-2058-49bc-a92f-f0a533ec1785,efs-stag-0196,storage,9c1bf4ca-cf8a-451e-a0a4-3af8f7f10f65,Storage for efs workload,staging,in_progress,1.0,10.171.45.57,efs-stag-0196.internal.example.com,,3,31,17951,Azure,westus2,1792.75,healthy,2026-01-31 11:00:28,2025-11-13 18:28:23,2026-01-07 18:28:23
e4d0d5e9-0948-400c-b30e-2f7241066ea1,nginx-deve-0197,load_balancer,3fa0669e-f615-46f6-a5a6-1bce70f24056,Load Balancer for nginx workload,development,in_progress,1.0,10.36.241.228,nginx-deve-0197.internal.example.com,,11,62,80,GCP,europe-west1,217.8,healthy,2026-01-31 11:40:28,2025-09-28 13:45:43,2025-11-22 13:45:43
8e0edaaf-bf84-4516-aaaa-db1fe23341e2,sqs-stag-0198,message_queue,,Message Queue for sqs workload,staging,open,3.11,10.92.41.125,sqs-stag-0198.internal.example.com,,9,34,683,Azure,westus2,214.99,healthy,2026-01-31 11:36:28,2025-09-22 17:01:20,2025-10-12 17:01:20
30011f97-4114-48c0-983a-ac6d08de411a,web-stag-0199,server,dfee32ff-83a9-4f98-b35e-f6ec754fd1e6,Server for web workload,staging,open,Ubuntu 22.04,10.219.206.110,web-stag-0199.internal.example.com,Windows Server 2022,19,108,1663,Azure,westus2,543.68,healthy,2026-01-31 11:45:28,2025-04-08 10:10:49,2025-05-12 10:10:49
ab0fc8f3-74aa-4ed7-9fed-e51b29d2ea4d,switch-dr-0200,network,f9c1269b-0495-436f-b7f9-ba6e77ec6bda,Network for switch workload,dr,open,1.0,10.52.196.129,switch-dr-0200.internal.example.com,,7,27,113,GCP,us-east1,121.77,healthy,2026-01-31 11:37:28,2025-05-27 00:20:42,2025-05-31 00:20:42
085d7169-2d0c-42e5-95e9-43f0a46cf16f,api-test-0201,server,7f62fecd-2388-45ac-b906-de6be5343086,Server for api workload,testing,open,Windows Server 2022,10.206.9.59,api-test-0201.internal.example.com,RHEL 8,8,51,1946,On-Premise,dc-eu,263.62,healthy,2026-01-31 11:39:28,2025-08-02 18:40:05,2025-08-15 18:40:05
bd2d94ed-97a0-4e3f-abb1-7cc625a5af40,batch-stag-0202,server,a5f8b430-fb1f-4c8b-b042-5fe74b8fada9,Server for batch workload,staging,open,Amazon Linux 2,10.24.55.168,batch-stag-0202.internal.example.com,Ubuntu 22.04,5,56,1895,AWS,eu-west-1,351.5,healthy,2026-01-31 11:40:28,2025-11-01 10:29:43,2025-11-27 10:29:43
a1623054-56e3-4975-aa73-5116ef57a49d,blob-prod-0203,storage,6284d7b3-c605-4370-93f9-97ab0da34b42,Storage for blob workload,production,open,1.0,10.51.138.160,blob-prod-0203.internal.example.com,,7,29,42308,GCP,asia-east1,3922.92,healthy,2026-01-31 11:39:28,2025-02-04 22:46:15,2025-03-02 22:46:15
9643e962-263d-4fe4-a3fe-dd7908849019,elasticsearch-deve-0204,database,ee0ab07b-68f0-4e1e-b88f-9ceeb03e83c7,Database for elasticsearch workload,development,closed,8.0,10.183.209.76,elasticsearch-deve-0204.internal.example.com,,39,133,3772,AWS,eu-west-1,1033.2,healthy,2026-01-31 11:12:28,2025-06-15 06:51:17,2025-07-16 06:51:17
c513776f-4117-4fa8-ac5a-0e8295f601b5,vpn-prod-0205,network,fa8b3d62-d044-4c49-8ca7-4efaa127c730,Network for vpn workload,production,in_progress,1.0,10.38.51.232,vpn-prod-0205.internal.example.com,,2,30,196,AWS,us-east-1,99.6,healthy,2026-01-31 11:33:28,2025-10-10 17:14:16,2025-11-08 17:14:16
ab13aacd-2ee6-4f26-8247-43f33fc36612,haproxy-stag-0206,load_balancer,,Load Balancer for haproxy workload,staging,open,1.0,10.23.4.219,haproxy-stag-0206.internal.example.com,,8,31,130,AWS,us-west-2,155.0,healthy,2026-01-31 11:06:28,2025-09-06 16:01:39,2025-09-16 16:01:39
f3577d37-07cd-4e34-9832-4b2efcb32a92,memcached-test-0207,cache,e62f6318-4753-4bd5-8bd7-54a1f6528b9b,Cache for memcached workload,testing,open,6.0,10.197.244.205,memcached-test-0207.internal.example.com,,6,30,255,GCP,us-central1,130.95,healthy,2026-01-31 10:51:28,2025-08-24 04:25:47,2025-10-14 04:25:47
01ce1a73-0693-4883-89ee-1e755d1ad318,auth-prod-0208,application,fa8b3d62-d044-4c49-8ca7-4efaa127c730,Application for auth workload,production,open,1.0,10.194.183.157,auth-prod-0208.internal.example.com,,11,34,460,AWS,us-west-2,224.0,healthy,2026-01-31 11:04:28,2025-11-19 03:45:38,2026-01-14 03:45:38
0ac19ee3-e222-4517-abd9-a1813ccb8d98,notification-test-0209,application,1b317d1b-9bdd-4c2b-bffa-5e53d04b6c26,Application for notification workload,testing,open,1.0,10.114.173.133,notification-test-0209.internal.example.com,,6,45,210,AWS,ap-southeast-1,171.0,healthy,2026-01-31 11:03:28,2025-02-07 06:54:56,2025-03-18 06:54:56
7beb4a07-02dc-42d7-9e5f-91b42094973d,redis-deve-0210,database,7f62fecd-2388-45ac-b906-de6be5343086,Database for redis workload,development,open,8.0,10.80.240.219,redis-deve-0210.internal.example.com,,49,229,2935,Azure,southeastasia,1179.42,healthy,2026-01-31 11:37:28,2025-11-13 10:07:23,2025-11-17 10:07:23
c75e94a9-f9d0-4204-a6dc-7224cc52d1a9,efs-prod-0211,storage,eddf2c15-98d6-47b7-8dcc-5836e6fc0014,Storage for efs workload,production,open,1.0,10.229.45.220,efs-prod-0211.internal.example.com,,7,20,27429,GCP,us-central1,2567.61,healthy,2026-01-31 11:27:28,2025-05-31 14:40:40,2025-06-07 14:40:40
743450d7-0406-40e0-bbf8-783c7aab5448,s3-prod-0212,storage,f9c1269b-0495-436f-b7f9-ba6e77ec6bda,Storage for s3 workload,production,open,1.0,10.105.233.244,s3-prod-0212.internal.example.com,,8,10,40597,On-Premise,dc-east,2911.79,healthy,2026-01-31 10:55:28,2025-12-14 11:01:11,2025-12-17 11:01:11
3a6e0775-d09d-478b-904a-aa1c04874680,vpn-prod-0213,network,ee0ab07b-68f0-4e1e-b88f-9ceeb03e83c7,Network for vpn workload,production,open,1.0,10.149.191.180,vpn-prod-0213.internal.example.com,,2,28,106,On-Premise,dc-eu,60.62,healthy,2026-01-31 10:50:28,2025-02-02 00:14:10,2025-02-12 00:14:10
54134703-0ed1-4741-9d8e-0773edcde5b9,nfs-test-0214,storage,6284d7b3-c605-4370-93f9-97ab0da34b42,Storage for nfs workload,testing,open,1.0,10.97.173.28,nfs-test-0214.internal.example.com,,3,11,26748,On-Premise,dc-east,1908.76,healthy,2026-01-31 11:45:28,2025-05-22 04:26:53,2025-07-20 04:26:53
8e1fe2d9-bc39-4b62-9e20-16a4f338002a,lambda-deve-0215,cloud_service,ad376f29-742f-47ef-8cc6-6deccdeaa394,Cloud Service for lambda workload,development,open,1.0,10.221.247.237,lambda-deve-0215.internal.example.com,,2,16,10,On-Premise,dc-asia,37.1,healthy,2026-01-31 10:49:28,2025-10-29 13:34:34,2025-12-26 13:34:34
55d8be61-f771-4a79-b854-61daaf9dc77a,reporting-stag-0216,application,669a3c68-8c1e-4132-91d6-035a5d9eccd9,Application for reporting workload,staging,open,1.0,10.127.140.102,reporting-stag-0216.internal.example.com,,11,60,214,Azure,eastus,238.83,unhealthy,2026-01-31 11:29:28,2025-10-17 01:48:46,2025-11-14 01:48:46
5bdee3a1-05a9-4e88-9d3e-a74851b2215b,payment-stag-0217,application,fa8b3d62-d044-4c49-8ca7-4efaa127c730,Application for payment workload,staging,open,1.0,10.148.176.236,payment-stag-0217.internal.example.com,,10,44,161,GCP,europe-west1,183.69,healthy,2026-01-31 11:02:28,2025-05-13 19:26:35,2025-06-23 19:26:35
43678587-66aa-41ec-ab2a-b9478c447b9e,analytics-stag-0218,application,eddf2c15-98d6-47b7-8dcc-5836e6fc0014,Application for analytics workload,staging,open,1.0,10.216.6.134,analytics-stag-0218.internal.example.com,,9,41,342,GCP,us-central1,185.58,healthy,2026-01-31 11:23:28,2025-09-02 07:14:47,2025-09-11 07:14:47
2ce49ea2-8ac7-486e-8e33-2382e6ddf64c,proxy-prod-0219,server,,Server for proxy workload,production,open,Ubuntu 22.04,10.16.183.209,proxy-prod-0219.internal.example.com,Windows Server 2022,25,40,399,GCP,us-east1,332.91,healthy,2026-01-31 10:52:28,2025-07-01 19:14:06,2025-08-13 19:14:06
a5f38f7f-1eca-4e37-9d3d-8e7a401d1fb7,k8s-node-deve-0220,container,a5f8b430-fb1f-4c8b-b042-5fe74b8fada9,Container for k8s-node workload,development,open,1.28,10.160.27.4,k8s-node-deve-0220.internal.example.com,,59,210,789,On-Premise,dc-west,762.23,healthy,2026-01-31 11:35:28,2025-02-25 01:42:02,2025-04-05 01:42:02
7bbced6b-b6ff-42cf-b99a-c9ad8e305c2c,nfs-test-0221,storage,6284d7b3-c605-4370-93f9-97ab0da34b42,Storage for nfs workload,testing,closed,1.0,10.61.193.11,nfs-test-0221.internal.example.com,,4,22,12627,GCP,us-east1,1212.03,healthy,2026-01-31 11:12:28,2025-03-10 18:36:55,2025-03-26 18:36:55
e8a6fbf5-f04a-43fd-a22b-80345cc2762f,payment-stag-0222,application,0b86f888-18fa-41d7-9f06-8e24157e707a,Application for payment workload,staging,open,1.0,10.154.251.203,payment-stag-0222.internal.example.com,,16,13,70,GCP,us-central1,173.7,healthy,2026-01-31 11:25:28,2025-04-19 23:33:15,2025-04-23 23:33:15
68ed92a2-cecd-4396-8f7d-022a501860d9,varnish-prod-0223,cache,dfee32ff-83a9-4f98-b35e-f6ec754fd1e6,Cache for varnish workload,production,open,6.0,10.109.169.85,varnish-prod-0223.internal.example.com,,10,85,324,Azure,eastus,287.28,healthy,2026-01-31 11:34:28,2025-08-25 15:09:19,2025-10-24 15:09:19
f4ff1e8e-7197-4752-b1e9-cae2cb64a054,appservice-stag-0224,cloud_service,9ce9f7de-26d1-44ff-a36f-b76bcde19def,Cloud Service for appservice workload,staging,in_progress,1.0,10.58.197.66,appservice-stag-0224.internal.example.com,,2,8,15,AWS,us-east-1,37.5,healthy,2026-01-31 11:29:28,2025-07-15 01:41:35,2025-07-16 01:41:35
4b083293-f042-4d73-9ff4-8b93c27cc574,docker-host-stag-0225,container,eab1fa5b-ffa4-4067-bcce-6ce998814034,Container for docker-host workload,staging,in_progress,1.28,10.85.3.161,docker-host-stag-0225.internal.example.com,,49,81,856,On-Premise,dc-asia,516.32,healthy,2026-01-31 11:05:28,2025-10-21 14:48:21,2025-11-30 14:48:21
0659d065-d6ea-45a3-894b-454ae8379ffd,vpn-test-0226,network,1b317d1b-9bdd-4c2b-bffa-5e53d04b6c26,Network for vpn workload,testing,open,1.0,10.19.44.19,vpn-test-0226.internal.example.com,,7,25,89,Azure,southeastasia,122.45,healthy,2026-01-31 10:57:28,2025-02-13 04:31:39,2025-03-01 04:31:39
06211ae7-ce73-4e02-99a5-f7032d1c8032,k8s-node-stag-0227,container,9ce9f7de-26d1-44ff-a36f-b76bcde19def,Container for k8s-node workload,staging,open,1.28,10.60.3.165,k8s-node-stag-0227.internal.example.com,,48,135,1086,Azure,westeurope,815.67,healthy,2026-01-31 11:43:28,2025-07-11 12:25:21,2025-08-28 12:25:21
7eac3986-609b-43df-abd8-1f690b4c58de,lambda-deve-0228,cloud_service,,Cloud Service for lambda workload,development,open,1.0,10.224.195.102,lambda-deve-0228.internal.example.com,,1,10,97,AWS,eu-west-1,39.7,healthy,2026-01-31 11:46:28,2025-07-05 09:53:31,2025-08-04 09:53:31
92dcacfe-61e1-4ab5-9b98-a3fd80a32be5,analytics-prod-0229,application,,Application for analytics workload,production,closed,1.0,10.5.72.32,analytics-prod-0229.internal.example.com,,4,23,396,On-Premise,dc-eu,87.92,healthy,2026-01-31 11:11:28,2025-12-29 01:23:34,2026-02-05 01:23:34
329d0c6a-c92e-4766-acb0-1938d43500cf,rabbitmq-prod-0230,message_queue,9fee8601-d9ae-4a80-8221-605196634a7b,Message Queue for rabbitmq workload,production,open,3.11,10.129.99.30,rabbitmq-prod-0230.internal.example.com,,12,17,264,GCP,us-east1,162.36,healthy,2026-01-31 10:56:28,2025-05-05 19:50:47,2025-06-10 19:50:47
b1490d08-7145-47ab-b2cf-fd1861aa61f7,batch-stag-0231,server,7fa559bc-2833-4dcf-ac5b-1e2401d09160,Server for batch workload,staging,open,Windows Server 2022,10.120.51.73,batch-stag-0231.internal.example.com,Ubuntu 22.04,7,33,1586,AWS,eu-west-1,294.6,degraded,2026-01-31 11:27:28,2025-07-20 00:48:38,2025-08-20 00:48:38
cc7f94d9-4b88-4b35-bed5-ed76c4fc502b,efs-deve-0232,storage,9e0f8d3a-b07a-4be3-8cea-977f89543359,Storage for efs workload,development,open,1.0,10.113.223.71,efs-deve-0232.internal.example.com,,8,18,29069,GCP,us-east1,2720.61,healthy,2026-01-31 11:39:28,2025-04-27 11:59:01,2025-06-09 11:59:01
3182cd1e-ab3b-4864-acab-ae2b5c566e4b,memcached-stag-0233,cache,ee0ab07b-68f0-4e1e-b88f-9ceeb03e83c7,Cache for memcached workload,staging,in_progress,6.0,10.71.100.68,memcached-stag-0233.internal.example.com,,6,98,360,GCP,europe-west1,262.8,healthy,2026-01-31 11:07:28,2025-03-13 22:01:28,2025-03-17 22:01:28
6248a644-c43d-43eb-8614-d8a47f11dd1b,mysql-test-0234,database,6284d7b3-c605-4370-93f9-97ab0da34b42,Database for mysql workload,testing,open,8.0,10.76.187.101,mysql-test-0234.internal.example.com,,10,314,4769,AWS,ap-southeast-1,1204.9,healthy,2026-01-31 10:58:28,2025-11-06 07:27:24,2025-12-13 07:27:24
828fad52-9d43-4446-91c0-f8690e9fa608,nlb-stag-0235,load_balancer,f9c1269b-0495-436f-b7f9-ba6e77ec6bda,Load Balancer for nlb workload,staging,open,1.0,10.91.74.189,nlb-stag-0235.internal.example.com,,14,23,92,AWS,ap-southeast-1,195.2,healthy,2026-01-31 11:25:28,2025-10-21 16:55:06,2025-10-23 16:55:06
08ff2d78-d479-489a-aa51-c09e0456b5de,vpn-prod-0236,network,7f62fecd-2388-45ac-b906-de6be5343086,Network for vpn workload,production,in_progress,1.0,10.23.20.252,vpn-prod-0236.internal.example.com,,3,20,142,GCP,europe-west1,75.78,healthy,2026-01-31 11:41:28,2025-08-18 04:54:29,2025-10-02 04:54:29
98dc31e3-b0e8-40c7-b8d3-6c5a36fecd13,ecs-instance-test-0237,container,8e1c81ff-9d7e-446d-849f-8ac123da8bef,Container for ecs-instance workload,testing,open,1.28,10.114.207.91,ecs-instance-test-0237.internal.example.com,,31,182,1538,GCP,us-east1,745.02,healthy,2026-01-31 11:25:28,2025-03-12 06:37:08,2025-04-12 06:37:08
81296264-87a7-4386-ba1e-4e50cd3e093b,ceph-prod-0238,storage,1b317d1b-9bdd-4c2b-bffa-5e53d04b6c26,Storage for ceph workload,production,open,1.0,10.185.60.170,ceph-prod-0238.internal.example.com,,6,28,19403,Azure,southeastasia,1953.49,healthy,2026-01-31 10:56:28,2025-05-19 17:16:40,2025-06-09 17:16:40
b291054c-6b87-408c-a78e-63e673fdd043,redis-deve-0239,database,9fee8601-d9ae-4a80-8221-605196634a7b,Database for redis workload,development,open,8.0,10.82.68.162,redis-deve-0239.internal.example.com,,61,242,867,On-Premise,dc-west,826.49,healthy,2026-01-31 10:50:28,2025-06-04 13:22:43,2025-07-10 13:22:43
cbc3c3b4-4680-439d-b3b5-c2edf6a42453,auth-prod-0240,application,b9fe9953-0346-455c-94a1-c5a172a6e7b4,Application for auth workload,production,open,1.0,10.241.246.44,auth-prod-0240.internal.example.com,,12,5,499,Azure,southeastasia,170.91,healthy,2026-01-31 11:21:28,2025-06-25 14:55:47,2025-08-02 14:55:47
57e2519c-d696-43a5-ad0f-19b8e733b01b,analytics-test-0241,application,7f62fecd-2388-45ac-b906-de6be5343086,Application for analytics workload,testing,open,1.0,10.193.197.34,analytics-test-0241.internal.example.com,,7,63,282,Azure,westeurope,212.99,healthy,2026-01-31 11:35:28,2025-12-03 09:18:38,2026-01-05 09:18:38
edef77e3-a7d2-4de9-8701-041db8585df4,ecs-instance-stag-0242,container,eab1fa5b-ffa4-4067-bcce-6ce998814034,Container for ecs-instance workload,staging,open,1.28,10.47.246.169,ecs-instance-stag-0242.internal.example.com,,47,185,279,Azure,eastus,824.5,healthy,2026-01-31 11:09:28,2025-10-31 06:08:00,2025-12-04 06:08:00
c8439fc7-e06c-4ff5-bb91-8cc117e3cc97,proxy-deve-0243,server,,Server for proxy workload,development,open,RHEL 8,10.50.217.35,proxy-deve-0243.internal.example.com,Amazon Linux 2,26,75,978,On-Premise,dc-eu,355.46,healthy,2026-01-31 11:33:28,2025-10-05 01:41:17,2025-12-02 01:41:17
ae268222-887b-4a35-addd-188080d29c67,mongodb-stag-0244,database,0b86f888-18fa-41d7-9f06-8e24157e707a,Database for mongodb workload,staging,open,8.0,10.3.192.168,mongodb-stag-0244.internal.example.com,,55,436,616,On-Premise,dc-eu,1038.52,healthy,2026-01-31 10:56:28,2025-11-23 06:49:58,2025-12-13 06:49:58
49856120-bb64-4cc8-bce3-e9bc1aa4f71c,sqs-prod-0245,message_queue,eddf2c15-98d6-47b7-8dcc-5836e6fc0014,Message Queue for sqs workload,production,closed,3.11,10.203.104.106,sqs-prod-0245.internal.example.com,,10,44,474,On-Premise,dc-eu,164.78,healthy,2026-01-31 11:12:28,2025-12-10 21:50:26,2026-01-09 21:50:26
7bfdbd5f-5dee-4887-8f9e-61ceea535b83,inventory-stag-0246,application,,Application for inventory workload,staging,in_progress,1.0,10.60.117.115,inventory-stag-0246.internal.example.com,,11,26,446,On-Premise,dc-eu,144.62,healthy,2026-01-31 11:37:28,2025-08-22 16:50:04,2025-08-28 16:50:04
479b64fd-5571-40a6-b373-552b6df07511,dns-stag-0247,network,9fee8601-d9ae-4a80-8221-605196634a7b,Network for dns workload,staging,in_progress,1.0,10.222.45.17,dns-stag-0247.internal.example.com,,2,29,73,GCP,us-central1,76.77,healthy,2026-01-31 11:24:28,2025-04-16 04:58:50,2025-04-21 04:58:50
96a58197-b97d-4547-86cf-14bfbd5c5988,lambda-deve-0248,cloud_service,669a3c68-8c1e-4132-91d6-035a5d9eccd9,Cloud Service for lambda workload,development,open,1.0,10.146.99.9,lambda-deve-0248.internal.example.com,,1,6,91,On-Premise,dc-eu,21.77,healthy,2026-01-31 11:15:28,2025-10-12 03:47:24,2025-11-14 03:47:24
5a0a2c80-8fea-4ce7-b3c0-d32a434dd1d5,dns-prod-0249,network,f9c1269b-0495-436f-b7f9-ba6e77ec6bda,Network for dns workload,production,open,1.0,10.207.102.133,dns-prod-0249.internal.example.com,,3,6,120,AWS,eu-west-1,54.0,healthy,2026-01-31 11:02:28,2025-08-24 00:39:53,2025-08-28 00:39:53
8e8c4b95-2ca1-49e4-b129-c676fee1a2de,elasticsearch-prod-0250,database,,Database for elasticsearch workload,production,open,8.0,10.133.89.105,elasticsearch-prod-0250.internal.example.com,,25,147,3687,GCP,europe-west1,821.43,healthy,2026-01-31 11:12:28,2025-09-21 02:30:55,2025-09-25 02:30:55
cddd8cab-fc62-4dba-97c6-d8188fa95cd4,docker-host-prod-0251,container,,Container for docker-host workload,production,closed,1.28,10.247.124.194,docker-host-prod-0251.internal.example.com,,60,235,1377,AWS,eu-west-1,1207.7,healthy,2026-01-31 10:58:28,2025-06-09 03:55:42,2025-07-08 03:55:42
bf60767a-9e9d-428d-9890-7b7fbaef4e02,ceph-test-0252,storage,8e1c81ff-9d7e-446d-849f-8ac123da8bef,Storage for ceph workload,testing,open,1.0,10.180.4.180,ceph-test-0252.internal.example.com,,7,15,45362,On-Premise,dc-east,3245.34,healthy,2026-01-31 11:32:28,2025-05-28 23:18:11,2025-06-15 23:18:11
6d2fefcc-d247-4e40-bf71-1a85c5912d94,redis-deve-0253,database,dfee32ff-83a9-4f98-b35e-f6ec754fd1e6,Database for redis workload,development,open,8.0,10.97.255.189,redis-deve-0253.internal.example.com,,38,192,6292,GCP,us-central1,1253.88,healthy,2026-01-31 11:00:28,2025-05-23 08:41:45,2025-06-07 08:41:45
8609a412-dc0b-4d24-9055-02dae7227d02,nlb-prod-0254,load_balancer,ee0ab07b-68f0-4e1e-b88f-9ceeb03e83c7,Load Balancer for nlb workload,production,open,1.0,10.21.246.96,nlb-prod-0254.internal.example.com,,5,13,176,Azure,westeurope,88.92,healthy,2026-01-31 11:16:28,2025-12-11 12:02:56,2026-02-06 12:02:56
b0bf1d86-6cf1-4956-a086-f9c0a0ee2b65,cloudfunction-stag-0255,cloud_service,b9fe9953-0346-455c-94a1-c5a172a6e7b4,Cloud Service for cloudfunction workload,staging,in_progress,1.0,10.16.177.101,cloudfunction-stag-0255.internal.example.com,,2,2,77,GCP,asia-east1,28.53,degraded,2026-01-31 10:58:28,2025-09-05 05:13:22,2025-09-16 05:13:22
df684f46-a1e2-42d3-8816-d53e166fc715,s3-deve-0256,storage,f9c1269b-0495-436f-b7f9-ba6e77ec6bda,Storage for s3 workload,development,open,1.0,10.132.95.141,s3-deve-0256.internal.example.com,,7,14,25866,On-Premise,dc-eu,1879.22,healthy,2026-01-31 11:30:28,2025-11-24 15:28:33,2025-12-24 15:28:33
af4c187f-3989-4bfb-933d-65a209173a7c,cloudfunction-prod-0257,cloud_service,0b86f888-18fa-41d7-9f06-8e24157e707a,Cloud Service for cloudfunction workload,production,open,1.0,10.67.117.209,cloudfunction-prod-0257.internal.example.com,,3,12,61,On-Premise,dc-asia,42.07,healthy,2026-01-31 11:30:28,2025-06-24 04:13:05,2025-08-14 04:13:05
d1311b0f-14c8-4441-8e92-503f411974e0,dns-stag-0258,network,8187278d-5d57-4ddc-9876-8c1f5b01debf,Network for dns workload,staging,open,1.0,10.161.249.77,dns-stag-0258.internal.example.com,,3,19,52,On-Premise,dc-west,51.24,healthy,2026-01-31 10:53:28,2025-05-02 03:09:17,2025-06-07 03:09:17
fb91483d-7e2d-456d-8439-8035e83a2e25,worker-prod-0259,server,7fa559bc-2833-4dcf-ac5b-1e2401d09160,Server for worker workload,production,open,Ubuntu 22.04,10.184.131.89,worker-prod-0259.internal.example.com,Ubuntu 22.04,19,115,1389,Azure,eastus,530.95,healthy,2026-01-31 11:25:28,2025-09-18 23:59:32,2025-11-12 23:59:32
2d71b6f5-a756-42ea-9c11-bb3c054e6903,lambda-stag-0260,cloud_service,7f62fecd-2388-45ac-b906-de6be5343086,Cloud Service for lambda workload,staging,open,1.0,10.74.85.164,lambda-stag-0260.internal.example.com,,4,15,20,Azure,westeurope,68.4,healthy,2026-01-31 11:26:28,2025-08-15 10:09:02,2025-09-10 10:09:02
85deb876-35c6-42ea-bc50-f2e6dfa817e8,appservice-stag-0261,cloud_service,5dde88a6-aa1b-4250-9502-369757c5ad99,Cloud Service for appservice workload,staging,open,1.0,10.202.138.228,appservice-stag-0261.internal.example.com,,3,11,93,AWS,us-east-1,61.3,healthy,2026-01-31 10:52:28,2025-06-29 21:32:46,2025-08-28 21:32:46
8edcdf0f-86fa-4f27-afb0-ac117ea2faf0,varnish-stag-0262,cache,80527c4d-716a-4966-9c08-859ddc506570,Cache for varnish workload,staging,in_progress,6.0,10.40.107.43,varnish-stag-0262.internal.example.com,,4,32,422,On-Premise,dc-asia,102.34,healthy,2026-01-31 11:41:28,2025-05-31 20:58:11,2025-06-04 20:58:11
262c0330-d03f-42d7-b663-bc28b974c10e,ceph-prod-0263,storage,669a3c68-8c1e-4132-91d6-035a5d9eccd9,Storage for ceph workload,production,open,1.0,10.145.226.161,ceph-prod-0263.internal.example.com,,3,10,43915,On-Premise,dc-east,3109.05,healthy,2026-01-31 11:14:28,2025-08-18 23:04:17,2025-10-10 23:04:17
3e54714a-006f-484a-853f-962e8575ddd6,auth-prod-0264,application,,Application for auth workload,production,open,1.0,10.90.233.162,auth-prod-0264.internal.example.com,,9,59,326,GCP,europe-west1,216.54,healthy,2026-01-31 10:51:28,2025-06-20 07:46:46,2025-07-26 07:46:46
961abb14-ec2f-4cd1-ace0-151d7f12dfc6,sqs-test-0265,message_queue,,Message Queue for sqs workload,testing,open,3.11,10.5.0.134,sqs-test-0265.internal.example.com,,11,27,474,On-Premise,dc-west,147.98,healthy,2026-01-31 10:53:28,2025-08-30 21:16:01,2025-09-07 21:16:01
621d1ee7-e1d4-420b-9258-eb8593c9371f,memcached-stag-0266,cache,,Cache for memcached workload,staging,open,6.0,10.3.191.49,memcached-stag-0266.internal.example.com,,11,54,54,AWS,ap-southeast-1,223.4,healthy,2026-01-31 11:12:28,2025-09-08 22:28:21,2025-10-05 22:28:21
4a796ef7-1079-4e16-913b-f2d9863de199,kafka-prod-0267,message_queue,1b317d1b-9bdd-4c2b-bffa-5e53d04b6c26,Message Queue for kafka workload,production,open,3.11,10.139.145.167,kafka-prod-0267.internal.example.com,,10,48,345,On-Premise,dc-asia,161.35,healthy,2026-01-31 10:56:28,2025-10-23 10:08:03,2025-11-09 10:08:03
09a0cca0-0efc-481e-845a-220d6a80ae85,kafka-test-0268,message_queue,9fee8601-d9ae-4a80-8221-605196634a7b,Message Queue for kafka workload,testing,open,3.11,10.164.9.39,kafka-test-0268.internal.example.com,,11,47,563,Azure,westus2,247.28,healthy,2026-01-31 11:13:28,2025-06-20 10:28:53,2025-06-21 10:28:53
a572d46c-c254-467f-8606-c5f07a9dc0cf,auth-prod-0269,application,5dde88a6-aa1b-4250-9502-369757c5ad99,Application for auth workload,production,open,1.0,10.159.255.96,auth-prod-0269.internal.example.com,,3,13,57,Azure,southeastasia,58.62,healthy,2026-01-31 10:57:28,2025-10-10 19:42:55,2025-10-12 19:42:55
488e0cb7-350f-4e36-95cd-e35d9a278276,redis-test-0270,cache,8e1c81ff-9d7e-446d-849f-8ac123da8bef,Cache for redis workload,testing,in_progress,6.0,10.128.195.213,redis-test-0270.internal.example.com,,5,85,290,Azure,eastus,236.55,healthy,2026-01-31 10:58:28,2025-05-03 18:48:19,2025-06-17 18:48:19
a1e31fdf-95a4-4fd9-84b7-21fa2c3ad6f7,vpn-deve-0271,network,0ab6f5c5-ff64-4df7-9fb8-1a2df130551f,Network for vpn workload,development,open,1.0,10.159.165.41,vpn-deve-0271.internal.example.com,,3,18,74,On-Premise,dc-west,51.38,healthy,2026-01-31 11:45:28,2025-10-24 19:23:49,2025-12-10 19:23:49
302f9205-eb2b-4f84-b7aa-cd3a408ba887,ecs-instance-prod-0272,container,eab1fa5b-ffa4-4067-bcce-6ce998814034,Container for ecs-instance workload,production,open,1.28,10.222.166.4,ecs-instance-prod-0272.internal.example.com,,11,253,1565,On-Premise,dc-eu,540.75,healthy,2026-01-31 11:30:28,2025-05-22 15:55:09,2025-06-28 15:55:09
cfd41bac-b919-4e60-8b96-f33b99ec0749,redis-deve-0273,database,0b86f888-18fa-41d7-9f06-8e24157e707a,Database for redis workload,development,open,8.0,10.255.46.176,redis-deve-0273.internal.example.com,,38,384,3039,AWS,us-east-1,1451.9,healthy,2026-01-31 10:48:28,2025-08-09 15:03:56,2025-09-26 15:03:56
25f82df2-f9fe-4249-8aa4-e2b57bea8eed,web-prod-0274,server,5dde88a6-aa1b-4250-9502-369757c5ad99,Server for web workload,production,open,Amazon Linux 2,10.193.183.186,web-prod-0274.internal.example.com,RHEL 8,14,79,1714,Azure,eastus,445.93,healthy,2026-01-31 11:45:28,2025-09-12 18:50:00,2025-10-13 18:50:00
90c0ec6b-2892-431c-abe5-bd5d8469c67c,ceph-prod-0275,storage,eddf2c15-98d6-47b7-8dcc-5836e6fc0014,Storage for ceph workload,production,in_progress,1.0,10.82.35.136,ceph-prod-0275.internal.example.com,,4,18,48998,On-Premise,dc-west,3483.06,healthy,2026-01-31 11:29:28,2025-09-27 21:49:55,2025-11-18 21:49:55
dde747b0-414c-4327-82da-f6d233d4f31d,f5-prod-0276,load_balancer,eab1fa5b-ffa4-4067-bcce-6ce998814034,Load Balancer for f5 workload,production,open,1.0,10.32.198.49,f5-prod-0276.internal.example.com,,4,47,143,AWS,ap-southeast-1,148.3,healthy,2026-01-31 11:16:28,2025-12-14 20:30:06,2026-02-01 20:30:06
f00cc1e9-771d-4d82-a926-94856a95e4db,k8s-node-deve-0277,container,ee0ab07b-68f0-4e1e-b88f-9ceeb03e83c7,Container for k8s-node workload,development,open,1.28,10.66.91.224,k8s-node-deve-0277.internal.example.com,,14,165,1549,GCP,asia-east1,562.41,healthy,2026-01-31 11:41:28,2025-03-06 13:24:05,2025-04-06 13:24:05
bdea531e-97cf-4ef1-8a63-a5b3a2e3e0a8,firewall-prod-0278,network,0b86f888-18fa-41d7-9f06-8e24157e707a,Network for firewall workload,production,open,1.0,10.36.6.239,firewall-prod-0278.internal.example.com,,6,12,62,On-Premise,dc-asia,63.14,degraded,2026-01-31 11:06:28,2025-08-06 19:50:38,2025-09-06 19:50:38
931fe2e2-029b-44ae-9f68-e184c94b7e3b,redis-test-0279,database,eab1fa5b-ffa4-4067-bcce-6ce998814034,Database for redis workload,testing,open,8.0,10.20.36.214,redis-test-0279.internal.example.com,,34,452,6546,AWS,eu-west-1,1898.6,healthy,2026-01-31 11:34:28,2025-03-02 10:16:10,2025-04-04 10:16:10
71aa0d31-05a0-4381-8aaa-0d91b0b10b54,mysql-deve-0280,database,7f62fecd-2388-45ac-b906-de6be5343086,Database for mysql workload,development,open,8.0,10.54.183.173,mysql-deve-0280.internal.example.com,,23,323,3431,On-Premise,dc-west,853.37,healthy,2026-01-31 11:05:28,2025-11-13 08:07:44,2025-12-10 08:07:44
fa29e6eb-2a30-4468-a7d2-98fb9f86cc1f,postgres-deve-0281,database,eddf2c15-98d6-47b7-8dcc-5836e6fc0014,Database for postgres workload,development,closed,8.0,10.166.190.106,postgres-deve-0281.internal.example.com,,46,258,6272,On-Premise,dc-eu,1122.24,healthy,2026-01-31 11:20:28,2025-07-12 07:50:08,2025-09-02 07:50:08
a30c1b34-ca69-4935-a196-ae3b525253b3,varnish-prod-0282,cache,fa8b3d62-d044-4c49-8ca7-4efaa127c730,Cache for varnish workload,production,closed,6.0,10.0.17.252,varnish-prod-0282.internal.example.com,,15,48,234,Azure,southeastasia,255.93,healthy,2026-01-31 11:46:28,2025-09-20 04:06:02,2025-10-23 04:06:02
b0c9bb08-2970-4fd8-bf05-3afe018b769d,inventory-prod-0283,application,,Application for inventory workload,production,open,1.0,10.79.48.10,inventory-prod-0283.internal.example.com,,2,53,470,Azure,westus2,164.35,healthy,2026-01-31 11:38:28,2025-06-22 07:57:57,2025-06-30 07:57:57
96d5f99f-d863-428d-9ac9-18bd6eca6450,haproxy-test-0284,load_balancer,3fa0669e-f615-46f6-a5a6-1bce70f24056,Load Balancer for haproxy workload,testing,open,1.0,10.166.247.45,haproxy-test-0284.internal.example.com,,5,44,152,Azure,westus2,145.54,healthy,2026-01-31 10:50:28,2025-11-18 19:43:27,2026-01-01 19:43:27
67acf352-adba-4d6b-9d69-89dfbecf6ac1,lambda-stag-0285,cloud_service,b9fe9953-0346-455c-94a1-c5a172a6e7b4,Cloud Service for lambda workload,staging,in_progress,1.0,10.222.213.239,lambda-stag-0285.internal.example.com,,4,3,17,GCP,us-central1,42.93,degraded,2026-01-31 10:52:28,2025-07-22 00:28:31,2025-09-09 00:28:31
436f3d64-ef8c-40c3-9341-3d7ed7f0cd15,dns-test-0286,network,0ab6f5c5-ff64-4df7-9fb8-1a2df130551f,Network for dns workload,testing,open,1.0,10.113.78.13,dns-test-0286.internal.example.com,,4,21,194,On-Premise,dc-east,70.98,healthy,2026-01-31 11:22:28,2025-04-17 23:42:26,2025-05-15 23:42:26
e81fb4ee-ae35-4597-8741-47d76014a918,appservice-stag-0287,cloud_service,8e1c81ff-9d7e-446d-849f-8ac123da8bef,Cloud Service for appservice workload,staging,open,1.0,10.25.204.68,appservice-stag-0287.internal.example.com,,2,5,53,Azure,southeastasia,33.53,healthy,2026-01-31 11:15:28,2025-03-15 05:07:59,2025-04-11 05:07:59
7afc5aeb-220e-480b-b2a3-a167c8bc53ea,payment-stag-0288,application,b9fe9953-0346-455c-94a1-c5a172a6e7b4,Application for payment workload,staging,open,1.0,10.136.220.83,payment-stag-0288.internal.example.com,,5,39,365,Azure,southeastasia,156.28,healthy,2026-01-31 11:11:28,2025-10-26 20:46:23,2025-10-31 20:46:23
1dd2b811-7f10-4922-ae6c-1a4153ea5bde,redis-stag-0289,database,669a3c68-8c1e-4132-91d6-035a5d9eccd9,Database for redis workload,staging,open,8.0,10.226.74.113,redis-stag-0289.internal.example.com,,49,44,5494,GCP,us-east1,1014.66,healthy,2026-01-31 10:55:28,2025-04-28 00:32:26,2025-05-12 00:32:26
1a5928c6-9ff0-4027-8968-6091a4fe308c,switch-prod-0290,network,5dde88a6-aa1b-4250-9502-369757c5ad99,Network for switch workload,production,open,1.0,10.56.156.116,switch-prod-0290.internal.example.com,,6,8,123,AWS,us-east-1,88.3,healthy,2026-01-31 11:26:28,2025-02-08 00:18:21,2025-02-21 00:18:21
6c9a291e-f6aa-4d98-afe3-2a6a660576a0,k8s-node-prod-0291,container,541cbcda-42b7-490b-83b8-1e60396f364d,Container for k8s-node workload,production,open,1.28,10.22.130.44,k8s-node-prod-0291.internal.example.com,,52,210,1568,GCP,asia-east1,987.12,healthy,2026-01-31 11:35:28,2025-02-10 01:31:10,2025-04-01 01:31:10
11741a29-cc7f-4c67-89b6-8c3e27718bc7,cloudfunction-prod-0292,cloud_service,7fa559bc-2833-4dcf-ac5b-1e2401d09160,Cloud Service for cloudfunction workload,production,open,1.0,10.194.50.232,cloudfunction-prod-0292.internal.example.com,,3,4,12,AWS,us-east-1,39.2,healthy,2026-01-31 10:52:28,2025-06-30 11:27:07,2025-08-07 11:27:07
754ff9c8-947e-40b0-a868-92164576adca,k8s-node-prod-0293,container,fa8b3d62-d044-4c49-8ca7-4efaa127c730,Container for k8s-node workload,production,open,1.28,10.9.177.176,k8s-node-prod-0293.internal.example.com,,41,110,883,On-Premise,dc-east,502.81,healthy,2026-01-31 11:07:28,2025-10-09 02:07:51,2025-10-28 02:07:51
8f9512c4-ed41-449c-b466-0fa9a58c26b9,dns-prod-0294,network,,Network for dns workload,production,open,1.0,10.201.70.23,dns-prod-0294.internal.example.com,,8,4,192,AWS,eu-west-1,107.2,healthy,2026-01-31 11:14:28,2025-06-23 20:01:15,2025-08-05 20:01:15
50cfc81d-673a-4356-8bbb-42cab3870ae3,appservice-deve-0295,cloud_service,3630dfb9-c14d-4f28-a4f2-4de2fc2c434a,Cloud Service for appservice workload,development,open,1.0,10.70.103.221,appservice-deve-0295.internal.example.com,,3,11,67,On-Premise,dc-west,41.09,healthy,2026-01-31 11:03:28,2025-11-04 16:36:19,2025-12-19 16:36:19
037efb9b-ec9c-40bb-af05-7453511ef36f,k8s-node-stag-0296,container,eddf2c15-98d6-47b7-8dcc-5836e6fc0014,Container for k8s-node workload,staging,open,1.28,10.74.15.196,k8s-node-stag-0296.internal.example.com,,42,216,442,Azure,westus2,851.39,healthy,2026-01-31 11:21:28,2025-05-05 23:22:16,2025-05-31 23:22:16
c20a31d9-6b75-4fa0-8f8a-7b433bbc9e25,nginx-deve-0297,load_balancer,ee0ab07b-68f0-4e1e-b88f-9ceeb03e83c7,Load Balancer for nginx workload,development,open,1.0,10.118.118.60,nginx-deve-0297.internal.example.com,,6,19,56,GCP,us-east1,93.24,healthy,2026-01-31 11:25:28,2025-12-11 10:16:12,2025-12-16 10:16:12
6025a3e7-17a6-498a-90ed-c87f5b2e9dcf,nfs-stag-0298,storage,8e1c81ff-9d7e-446d-849f-8ac123da8bef,Storage for nfs workload,staging,open,1.0,10.209.7.237,nfs-stag-0298.internal.example.com,,5,23,10012,On-Premise,dc-eu,768.04,healthy,2026-01-31 11:21:28,2025-04-24 18:50:38,2025-05-08 18:50:38
26ff72fe-10f8-4e71-8b1d-64f46feecf38,router-prod-0299,network,80527c4d-716a-4966-9c08-859ddc506570,Network for router workload,production,open,1.0,10.194.160.101,router-prod-0299.internal.example.com,,5,32,113,On-Premise,dc-asia,87.71,healthy,2026-01-31 11:00:28,2025-09-07 02:32:54,2025-10-13 02:32:54
c0346cc2-fb1b-4b23-a2e8-770a3bc5d9c2,appservice-stag-0300,cloud_service,f24639db-705d-4ac1-a0be-3de9c28ea784,Cloud Service for appservice workload,staging,closed,1.0,10.20.198.133,appservice-stag-0300.internal.example.com,,1,8,76,AWS,us-east-1,33.6,healthy,2026-01-31 11:44:28,2025-11-03 02:12:41,2025-11-15 02:12:41
