resolution_id,incident_id,resolution_type,title,description,root_cause,fix_applied,workaround,preventive_action,resolved_by,time_to_resolve_minutes,was_effective,reoccurrence_count,knowledge_article_id,created_at,updated_at
b390798b-c731-4d7f-a882-026c87350c86,243430a8-852a-4e39-a2a7-13b4437d645b,fix,Resolution for INC0000002,Resolved security issue by fixed network routing rules,Third-party service degradation,Fixed network routing rules,,Improve deployment pipeline testing,Michelle Robinson,222,true,3,,2025-09-09 18:01:45,2025-09-10 00:01:45
6144fa0e-4308-4921-993b-00bb3bfae0e1,ca5a9e63-326e-4c38-b1b1-f0396c4ad317,fix,Resolution for INC0000003,Resolved availability issue by optimized database queries,Inadequate resource provisioning,Optimized database queries,,Enhance logging and observability,Laura Clark,116,false,1,KB7015,2025-10-31 00:33:03,2025-10-31 23:33:03
16979308-9701-413a-93ae-fbc2cc8fda92,c3586f0e-05a9-4812-8bd3-42f1c2a3ee5b,workaround,Resolution for INC0000005,Resolved application issue by restarted the affected service,Insufficient logging/monitoring,Restarted the affected service,Feature flag disabled,Implement automated scaling policies,Robert Taylor,177,false,3,KB6606,2025-09-11 08:56:31,2025-09-11 08:56:31
05f105ff-0c7a-42b2-b060-0a2f12740f5e,bef36064-65b0-42cf-a667-7b3e71ad715b,workaround,Resolution for INC0000006,Resolved availability issue by restarted the affected service,Network misconfiguration,Restarted the affected service,Async processing enabled,Schedule regular maintenance windows,Daniel Harris,396,true,2,,2025-08-28 19:44:10,2025-08-29 08:44:10
613ce4bd-b11f-47ad-81aa-b982ef08332f,fa03a44e-9d2a-4e2a-ad16-5ce3d4bc5753,workaround,Resolution for INC0000007,Resolved application issue by applied configuration hotfix,Database query optimization needed,Applied configuration hotfix,Read replicas promoted temporarily,Schedule regular maintenance windows,Kevin Thompson,172,true,2,,2025-08-09 01:40:04,2025-08-10 10:40:04
6c1b9278-fadd-4441-8ec3-07af65282ab0,d57cb689-7b0f-479f-b683-097937ec198b,configuration_change,Resolution for INC0000008,Resolved network issue by rolled back to previous version,Memory leak in application code,Rolled back to previous version,,Implement automated scaling policies,Lisa Anderson,234,false,1,KB5289,2025-09-02 22:06:32,2025-09-02 22:06:32
1af5f875-224b-431f-b17c-a87b7457713a,5bb44340-78ff-467a-93df-c70704651895,restart,Resolution for INC0000009,Resolved application issue by cleared and rebuilt cache,Inadequate resource provisioning,Cleared and rebuilt cache,,Add monitoring alerts for early detection,Emily Davis,347,true,0,KB9884,2025-08-26 21:22:14,2025-08-26 21:22:14
d646f527-82cc-4763-8fe2-2a7fc0dc9312,ee930329-91a7-489b-88f1-2526f939b6d4,patch,Resolution for INC0000010,Resolved network issue by updated dns records,Memory leak in application code,Updated DNS records,,Improve deployment pipeline testing,Kevin Thompson,163,true,0,,2025-12-30 15:42:45,2025-12-31 18:42:45
fb24c70d-0a4f-4f07-9085-b7b21ac35073,b8e7e689-7196-4047-868a-7909f99b0e12,patch,Resolution for INC0000012,Resolved security issue by cleaned up disk space,Database connection pool exhaustion,Cleaned up disk space,,Implement automated scaling policies,John Smith,475,true,2,,2026-01-24 04:31:09,2026-01-25 07:31:09
5e82e441-cff3-4e02-99ce-4843d46039a7,40b798ff-fd6d-4abd-82cb-d11f5553802b,rollback,Resolution for INC0000013,Resolved network issue by applied vendor patch,Database query optimization needed,Applied vendor patch,,Add circuit breakers for external dependencies,Sarah Johnson,215,true,0,KB8002,2025-11-23 00:11:45,2025-11-23 13:11:45
b2eb368a-28b9-44c3-9692-09bb2fa3f8ac,c3cbe78b-dac4-49c3-94aa-04facebe9a15,fix,Resolution for INC0000014,Resolved data issue by implemented circuit breaker,Insufficient logging/monitoring,Implemented circuit breaker,,Implement automated scaling policies,Emily Davis,133,true,3,KB3230,2025-12-14 19:47:35,2025-12-15 02:47:35
3cc9254f-a05e-4c70-aa1c-7d6985be6815,6d57a107-8a4a-4790-920e-58b8b9abd566,fix,Resolution for INC0000015,Resolved application issue by restarted the affected service,Database connection pool exhaustion,Restarted the affected service,,Add circuit breakers for external dependencies,David Wilson,62,true,2,,2025-10-25 20:15:35,2025-10-25 22:15:35
ca0d314a-d484-4726-885f-9575d0e6ab60,9ddfc174-41b4-4299-b085-a03a1bfb7370,fix,Resolution for INC0000016,Resolved performance issue by scaled out additional instances,Database query optimization needed,Scaled out additional instances,,Add redundancy to critical components,Jennifer Martinez,413,true,0,,2025-11-29 17:47:28,2025-11-30 16:47:28
9065a1f4-0c1a-43e2-9ec7-7197c0ef0f8a,8ba8b8cd-12b0-477e-bc23-26e3604863fb,rollback,Resolution for INC0000017,Resolved application issue by rolled back to previous version,Insufficient logging/monitoring,Rolled back to previous version,,Enhance logging and observability,Emily Davis,336,true,2,KB3307,2025-10-13 20:25:42,2025-10-13 22:25:42
affbc25f-80b7-4620-8157-0283bc3d5187,5d929824-fe66-45ab-bd1a-7dac23a3b99c,restart,Resolution for INC0000020,Resolved availability issue by fixed network routing rules,Disk I/O bottleneck,Fixed network routing rules,,Add circuit breakers for external dependencies,Christopher Lee,325,true,1,,2026-01-20 13:52:44,2026-01-20 13:52:44
7b9bcf46-5936-408e-befb-79baab75c60d,33e079a8-b505-490c-88f2-56d9286a572e,workaround,Resolution for INC0000021,Resolved network issue by applied configuration hotfix,Certificate expiration oversight,Applied configuration hotfix,Feature flag disabled,Add redundancy to critical components,James Brown,30,true,0,KB2443,2025-09-04 19:19:44,2025-09-06 06:19:44
18e76125-a87c-4b4a-a56a-9ed1b87b3385,ae3eaf01-23db-4786-9cdd-1b3723d0116a,patch,Resolution for INC0000023,Resolved data issue by updated dns records,Database query optimization needed,Updated DNS records,,Enhance logging and observability,Daniel Harris,116,true,3,KB6093,2025-09-22 22:50:48,2025-09-22 22:50:48
eb2a85d7-a79e-412c-a98d-dd9b34a82758,02f3602a-5f44-4b6c-ba61-52915a939152,configuration_change,Resolution for INC0000024,Resolved security issue by increased resource allocation (cpu/memory),Database query optimization needed,Increased resource allocation (CPU/Memory),,Implement certificate auto-renewal,Emily Davis,320,true,0,KB6444,2025-11-23 09:23:06,2025-11-25 09:23:06
ff14ca88-2afa-4c8b-a677-68a1b2e7349e,2ebef59f-ff33-4a50-9346-f395f1564562,fix,Resolution for INC0000026,Resolved network issue by updated ssl/tls certificates,Third-party service degradation,Updated SSL/TLS certificates,,Enhance logging and observability,Michael Chen,419,true,1,,2025-09-20 06:32:22,2025-09-20 18:32:22
dc6b25d7-55b2-4274-99c5-fc20fd804a10,5dfcbe63-f308-47b3-87b8-978cf56d2997,fix,Resolution for INC0000027,Resolved security issue by implemented circuit breaker,Network misconfiguration,Implemented circuit breaker,,Add redundancy to critical components,Michael Chen,305,true,2,KB9585,2025-10-28 00:40:27,2025-10-28 00:40:27
f70b7168-0107-47c1-b7e4-7944b99d60b9,bacfd646-7573-48b9-9d02-69e942e23d86,restart,Resolution for INC0000030,Resolved network issue by applied vendor patch,Race condition in concurrent processing,Applied vendor patch,,Implement certificate auto-renewal,Sarah Johnson,82,true,1,KB1990,2025-08-06 05:59:13,2025-08-06 05:59:13
7f38e619-812e-42fc-b9bb-d00bef0488d0,43b979e5-3f19-453e-ab28-2f7cafa04329,workaround,Resolution for INC0000032,Resolved application issue by rolled back to previous version,Memory leak in application code,Rolled back to previous version,Read replicas promoted temporarily,Implement chaos engineering practices,John Smith,29,true,3,KB9977,2025-11-08 10:47:27,2025-11-08 10:47:27
016b9fd9-1507-4f36-b936-8f4a43be1137,1a88cce5-5c21-4709-aca0-0c0e0ea856d9,fix,Resolution for INC0000033,Resolved application issue by reset connection pools,Database query optimization needed,Reset connection pools,,Add redundancy to critical components,Sarah Johnson,477,true,1,KB3897,2025-09-22 09:11:17,2025-09-22 09:11:17
c0aa2655-3d62-474e-90f0-cbf799d4b884,bcc4af21-ac18-4a51-aa5c-5c2db938ce92,fix,Resolution for INC0000036,Resolved application issue by cleared and rebuilt cache,Database query optimization needed,Cleared and rebuilt cache,,Implement chaos engineering practices,Michael Chen,300,true,2,KB3259,2025-10-18 19:49:20,2025-10-18 19:49:20
a9a4d40a-46df-4fe4-9297-5b54879053f4,192978a2-4f96-45a9-9265-bb8a65f9be78,workaround,Resolution for INC0000038,Resolved security issue by updated ssl/tls certificates,Cache invalidation issue,Updated SSL/TLS certificates,VPN tunnel established,Implement automated scaling policies,James Brown,127,true,2,,2025-12-11 17:46:17,2025-12-12 17:46:17
50c2bc0a-3673-46a0-b93f-0b73f0308d8b,8663e1bd-6eb3-41dc-925e-1a40d99421e4,workaround,Resolution for INC0000039,Resolved availability issue by scaled out additional instances,Race condition in concurrent processing,Scaled out additional instances,Feature flag disabled,Improve deployment pipeline testing,Emily Davis,90,false,3,KB3994,2025-12-30 12:54:52,2025-12-30 12:54:52
b83a42cc-1c96-409f-97c3-be9f4c53eb69,28a1cb94-8f05-4aa7-a00d-d0cfd5c53d89,restart,Resolution for INC0000040,Resolved security issue by restarted the affected service,Memory leak in application code,Restarted the affected service,,Document runbooks for common issues,Jessica Garcia,75,true,2,,2025-11-28 01:52:19,2025-11-28 01:52:19
fb668375-05b8-47e7-a2cf-401e9dfc8e98,cd9f6920-14a1-45a9-8b80-d3aa5093c17e,fix,Resolution for INC0000041,Resolved security issue by restarted the affected service,Third-party service degradation,Restarted the affected service,,Add circuit breakers for external dependencies,James Brown,210,true,0,,2025-08-29 17:05:48,2025-08-29 17:05:48
337f3742-6d7e-4311-a307-045b9896e959,98d653b5-6457-45b6-8bcf-3b17e0a426b2,rollback,Resolution for INC0000044,Resolved application issue by implemented circuit breaker,Database connection pool exhaustion,Implemented circuit breaker,,Implement certificate auto-renewal,John Smith,162,true,0,KB9315,2025-09-26 03:09:52,2025-09-28 01:09:52
e7e31a2a-f04e-4823-9753-db057fe11a06,0e7eac3d-8bc8-4159-af1a-b5c311873db3,patch,Resolution for INC0000045,Resolved network issue by increased resource allocation (cpu/memory),Third-party service degradation,Increased resource allocation (CPU/Memory),,Document runbooks for common issues,Kevin Thompson,50,false,2,,2025-09-17 00:06:50,2025-09-17 11:06:50
1da862c1-fcc9-4217-a5c9-c86588dea1cb,7bc0ffff-7dd0-4b57-bfb9-f00816ad205b,restart,Resolution for INC0000046,Resolved data issue by scaled out additional instances,Memory leak in application code,Scaled out additional instances,,Implement chaos engineering practices,Laura Clark,404,true,1,KB1389,2025-08-24 00:45:25,2025-08-24 01:45:25
6f247509-1d5d-4c34-aa61-f57b11f69945,a602a126-c977-400c-bc51-83ddfc2cbba9,workaround,Resolution for INC0000047,Resolved data issue by patched security vulnerability,Race condition in concurrent processing,Patched security vulnerability,VPN tunnel established,Implement certificate auto-renewal,David Wilson,131,true,2,,2025-12-28 00:34:25,2025-12-29 10:34:25
ed99524e-caa1-4444-ab4c-12693c1a94da,73d73b9e-35e6-432e-bcbc-02b8564479ea,fix,Resolution for INC0000048,Resolved data issue by applied configuration hotfix,Database query optimization needed,Applied configuration hotfix,,Implement automated scaling policies,Jessica Garcia,201,false,1,KB6140,2025-10-09 08:52:13,2025-10-09 08:52:13
be4f1057-204e-47d7-a560-f1e4e65dd587,ce138bda-9ee7-4453-bbe1-bf809f0652d1,restart,Resolution for INC0000049,Resolved application issue by implemented circuit breaker,Race condition in concurrent processing,Implemented circuit breaker,,Document runbooks for common issues,Jessica Garcia,225,true,0,KB7843,2026-01-14 16:18:44,2026-01-15 07:18:44
2f3353fa-e5df-4287-91f1-770858d29b89,defcd5d9-f5ad-4e35-ad66-7f676260bcc9,restart,Resolution for INC0000050,Resolved application issue by reset connection pools,Database connection pool exhaustion,Reset connection pools,,Implement automated scaling policies,Lisa Anderson,70,true,2,KB3999,2025-09-23 02:43:44,2025-09-23 20:43:44
3f344f50-f463-4d28-b27b-b17c5dbc9782,dbcc5bcb-034c-40ba-9e24-28d99b1247a6,patch,Resolution for INC0000051,Resolved network issue by updated ssl/tls certificates,Certificate expiration oversight,Updated SSL/TLS certificates,,Document runbooks for common issues,Emily Davis,36,true,2,KB5628,2025-10-13 23:40:11,2025-10-13 23:40:11
54bc62ea-7fda-4f5e-9c3d-c97901b36c3a,c2268c6b-0568-497a-9620-f0bb13c412a5,fix,Resolution for INC0000052,Resolved security issue by applied vendor patch,Database connection pool exhaustion,Applied vendor patch,,Add circuit breakers for external dependencies,Lisa Anderson,363,true,1,,2025-12-09 23:12:52,2025-12-10 09:12:52
35c40de6-f418-4fa3-acbe-3a5c70781cf0,0c8dfea1-3712-4268-a713-0200e7d23f09,workaround,Resolution for INC0000054,Resolved performance issue by fixed network routing rules,Insufficient logging/monitoring,Fixed network routing rules,Temporary redirect to backup system,Improve deployment pipeline testing,Michael Chen,408,true,2,,2025-10-16 12:53:05,2025-10-16 12:53:05
81067f1e-da69-46e1-89cd-ed2112e4265b,a4d83a6f-a334-454a-9255-be5d45f0ee62,patch,Resolution for INC0000055,Resolved performance issue by cleaned up disk space,Memory leak in application code,Cleaned up disk space,,Add monitoring alerts for early detection,Michelle Robinson,362,false,3,KB4542,2025-11-03 02:53:49,2025-11-03 02:53:49
5ab9f9e9-c9ef-4051-9304-24821fcba920,16910ef3-f660-4aff-8734-a982f6b9c576,patch,Resolution for INC0000057,Resolved availability issue by updated dns records,Network misconfiguration,Updated DNS records,,Implement automated scaling policies,Michelle Robinson,294,true,0,KB6705,2025-12-28 15:35:03,2025-12-28 15:35:03
2aeda855-d535-4254-a55a-5200b74d54a5,233d8a16-75a7-4503-8d90-a10c833a9568,fix,Resolution for INC0000058,Resolved security issue by restarted the affected service,Disk I/O bottleneck,Restarted the affected service,,Implement certificate auto-renewal,Michelle Robinson,251,false,2,KB9892,2025-12-02 07:18:04,2025-12-02 07:18:04
2ba9b3b1-0ff5-4d04-8e05-406379092740,5e8cac62-883f-4318-843c-a6bc3f401a01,fix,Resolution for INC0000059,Resolved security issue by patched security vulnerability,Network misconfiguration,Patched security vulnerability,,Add monitoring alerts for early detection,Daniel Harris,475,true,2,,2025-09-06 18:19:49,2025-09-08 07:19:49
3d2f2e22-755e-434c-acf7-d04b4669723f,e6ddb94c-1c71-49c4-85ce-6791cfcf072e,rollback,Resolution for INC0000061,Resolved data issue by applied configuration hotfix,Race condition in concurrent processing,Applied configuration hotfix,,Enhance logging and observability,David Wilson,382,true,1,,2026-01-01 12:46:22,2026-01-01 12:46:22
4e3e18cb-0a50-4e50-8100-a50dce3013f5,f14e5eb0-5865-42cf-83a4-0f2ea6c27eb3,restart,Resolution for INC0000062,Resolved availability issue by updated ssl/tls certificates,Memory leak in application code,Updated SSL/TLS certificates,,Schedule regular maintenance windows,Michael Chen,367,true,0,KB7677,2025-08-06 11:34:52,2025-08-06 11:34:52
c13288e6-c6c2-465e-bf69-fb8df30eea3f,7624ea76-4b7f-434d-a817-fb38b6362f71,patch,Resolution for INC0000063,Resolved network issue by patched security vulnerability,Memory leak in application code,Patched security vulnerability,,Document runbooks for common issues,Emily Davis,273,true,3,KB9970,2025-12-03 17:15:19,2025-12-04 22:15:19
50bb1053-71a6-47ef-a1b7-0ac2c12a8c04,019b911e-26a3-4577-81f4-87585f5c21de,fix,Resolution for INC0000064,Resolved availability issue by fixed network routing rules,Insufficient logging/monitoring,Fixed network routing rules,,Implement chaos engineering practices,Lisa Anderson,236,true,2,KB4958,2026-01-20 14:12:40,2026-01-21 00:12:40
87c63cf4-4101-450b-90de-9fd6c1ecdd9f,1141450b-95fc-4671-8e0d-7a80b2d26b88,patch,Resolution for INC0000065,Resolved availability issue by fixed network routing rules,Insufficient logging/monitoring,Fixed network routing rules,,Add redundancy to critical components,Daniel Harris,267,true,1,,2025-10-17 19:53:57,2025-10-18 19:53:57
83777ba9-b71e-4732-8f2a-c1415a55b347,0fb4f2c4-ef5c-4fd1-8320-72af09fc2316,rollback,Resolution for INC0000067,Resolved network issue by rolled back to previous version,DNS propagation delay,Rolled back to previous version,,Add redundancy to critical components,Lisa Anderson,385,true,2,,2025-09-09 11:15:37,2025-09-10 17:15:37
a0b8a2d1-b486-4014-9a5e-14caeda81a01,c7e1a586-1f6f-40f9-9792-9e23195ffe73,fix,Resolution for INC0000068,Resolved availability issue by optimized database queries,Cache invalidation issue,Optimized database queries,,Add circuit breakers for external dependencies,Jessica Garcia,47,true,1,KB1131,2025-12-17 02:48:47,2025-12-17 14:48:47
3694f72a-ec4e-437a-8919-01ab3ce343f6,f3b0ccae-6b3d-458a-a76b-c21fbb9cf479,fix,Resolution for INC0000069,Resolved availability issue by cleaned up disk space,Improper error handling,Cleaned up disk space,,Improve deployment pipeline testing,Lisa Anderson,345,false,3,KB7217,2025-11-12 20:02:28,2025-11-14 03:02:28
159f13c6-9a0f-49a9-adf5-4f302345bced,491aaec4-441c-402b-81c3-956d56d8bcdc,fix,Resolution for INC0000070,Resolved application issue by applied configuration hotfix,Inadequate resource provisioning,Applied configuration hotfix,,Implement chaos engineering practices,Sarah Johnson,314,true,3,KB4010,2026-01-02 14:11:04,2026-01-04 06:11:04
facee6c7-0be1-4894-ba30-122f22c4609f,586c7ad3-4e1c-4dc9-956e-c934638a5b39,rollback,Resolution for INC0000072,Resolved data issue by cleaned up disk space,Third-party service degradation,Cleaned up disk space,,Schedule regular maintenance windows,Jessica Garcia,398,true,1,KB4626,2025-09-02 19:48:12,2025-09-02 19:48:12
72ebc0ca-c39c-4dbb-bba1-35f58d576073,f487df6a-dbea-4367-ae1c-3ef556e9e4be,fix,Resolution for INC0000074,Resolved availability issue by applied vendor patch,Database connection pool exhaustion,Applied vendor patch,,Add monitoring alerts for early detection,James Brown,313,false,0,KB7910,2025-12-18 00:01:32,2025-12-18 02:01:32
b8685f73-3914-43b6-82ab-e3949510f728,75ccb332-27cc-4a8d-8cd7-63c5773e5cf2,configuration_change,Resolution for INC0000075,Resolved security issue by restarted the affected service,Network misconfiguration,Restarted the affected service,,Improve deployment pipeline testing,James Brown,388,false,3,KB4980,2025-10-31 01:01:16,2025-11-02 00:01:16
aa097f5f-21c8-499b-bedf-7228496a5608,1e85a67d-d14b-4c73-863c-2d8cd49b7e03,fix,Resolution for INC0000076,Resolved security issue by implemented circuit breaker,Database connection pool exhaustion,Implemented circuit breaker,,Add monitoring alerts for early detection,Michael Chen,233,true,3,KB3229,2025-09-08 18:08:10,2025-09-08 18:08:10
c510b3df-4fa6-486e-aa69-b8ab57b95ac4,1b576a4b-5607-430e-af07-ddeac7c98e4d,rollback,Resolution for INC0000077,Resolved security issue by restarted the affected service,Database query optimization needed,Restarted the affected service,,Add redundancy to critical components,Robert Taylor,184,true,3,KB9897,2025-08-18 12:46:26,2025-08-18 14:46:26
13c07665-31e1-45d1-9692-d2551c59bd2d,2e6c78f9-df01-484e-a089-656bad9c31f7,workaround,Resolution for INC0000079,Resolved performance issue by applied vendor patch,Database connection pool exhaustion,Applied vendor patch,Feature flag disabled,Schedule regular maintenance windows,James Brown,31,true,3,KB7475,2025-10-11 12:06:28,2025-10-12 10:06:28
3207df70-e910-468b-8b01-b4dbc307a101,453f8785-1e15-4a11-b418-94f7b9eae0ac,fix,Resolution for INC0000081,Resolved performance issue by applied vendor patch,Disk I/O bottleneck,Applied vendor patch,,Implement certificate auto-renewal,David Wilson,328,true,1,,2025-11-19 15:03:08,2025-11-19 21:03:08
c4dffcd3-2462-493e-9692-0c3dd055cd2f,e6be1e22-e70c-4eb1-aecb-b6f7a5d4a088,configuration_change,Resolution for INC0000083,Resolved network issue by applied configuration hotfix,Race condition in concurrent processing,Applied configuration hotfix,,Add circuit breakers for external dependencies,Michelle Robinson,213,true,1,KB8568,2025-12-24 08:54:47,2025-12-25 09:54:47
3f8a79c1-7428-4482-b40b-8886fb72c1d8,4c766d28-ee59-40b9-af1b-60d79f6fc798,patch,Resolution for INC0000085,Resolved network issue by implemented circuit breaker,Insufficient logging/monitoring,Implemented circuit breaker,,Implement automated scaling policies,Kevin Thompson,44,true,0,,2025-08-07 21:38:25,2025-08-08 02:38:25
287d76e5-6076-40e1-a4dd-0eb3fe3450aa,1d9de6ac-4c91-45ef-bbbb-1dc0d3ae2f4b,fix,Resolution for INC0000086,Resolved network issue by updated dns records,Improper error handling,Updated DNS records,,Improve deployment pipeline testing,Michael Chen,260,true,0,KB8068,2025-09-07 14:12:33,2025-09-07 14:12:33
7a153528-4963-4ee1-96b4-44e80c213eac,b23546f7-64b4-46be-86f0-b39bea67632b,restart,Resolution for INC0000087,Resolved data issue by applied configuration hotfix,Third-party service degradation,Applied configuration hotfix,,Add monitoring alerts for early detection,Robert Taylor,414,true,1,KB9592,2025-11-26 05:43:45,2025-11-27 17:43:45
71a96725-236f-4619-b554-b7664930c8b6,ceba0775-be3e-4fde-84fd-aaf67bab38ed,restart,Resolution for INC0000088,Resolved performance issue by fixed network routing rules,Database query optimization needed,Fixed network routing rules,,Document runbooks for common issues,Jennifer Martinez,158,true,0,,2026-02-01 13:04:57,2026-02-01 19:04:57
054caf73-6e6a-49a5-ba6a-2744298f4f82,090ee4a2-a5cb-436b-8a2d-49e39f207e4e,rollback,Resolution for INC0000090,Resolved network issue by optimized database queries,Lack of circuit breaker implementation,Optimized database queries,,Add monitoring alerts for early detection,John Smith,327,true,3,KB7085,2025-08-20 03:25:09,2025-08-20 03:25:09
580d52d1-b899-4d23-9dde-4d9fffe21112,3d2e57f4-617e-4586-9afe-fc1bf32d16d2,fix,Resolution for INC0000092,Resolved network issue by fixed network routing rules,Insufficient logging/monitoring,Fixed network routing rules,,Add monitoring alerts for early detection,Michelle Robinson,402,true,2,KB8598,2025-10-11 16:01:26,2025-10-11 18:01:26
4093d137-4427-4e7d-bad1-ed65bd580027,bb21e7d4-60f6-4c92-aa32-684f662506a8,restart,Resolution for INC0000093,Resolved application issue by scaled out additional instances,Insufficient logging/monitoring,Scaled out additional instances,,Schedule regular maintenance windows,Lisa Anderson,383,true,3,KB1728,2025-12-01 09:37:20,2025-12-02 22:37:20
2010feee-d119-40a0-8a28-d72190419e05,7cb3d412-124e-4033-9558-a26f6211fe68,restart,Resolution for INC0000094,Resolved availability issue by updated dns records,Database query optimization needed,Updated DNS records,,Improve deployment pipeline testing,Daniel Harris,142,true,1,KB7151,2025-10-15 00:09:53,2025-10-16 11:09:53
761c8743-f899-43a9-b21f-7186140cf0f4,144c66ce-cf07-4439-9e54-1163b3793c3e,rollback,Resolution for INC0000095,Resolved application issue by applied configuration hotfix,Database query optimization needed,Applied configuration hotfix,,Enhance logging and observability,Lisa Anderson,353,true,1,,2025-09-05 04:51:53,2025-09-05 04:51:53
20efb854-b196-4372-96c9-463fee125afd,3007c3de-0c81-4d09-954d-0e178fead565,fix,Resolution for INC0000096,Resolved data issue by implemented circuit breaker,Improper error handling,Implemented circuit breaker,,Add redundancy to critical components,Sarah Johnson,299,false,0,,2025-12-05 16:00:38,2025-12-05 16:00:38
d04467bd-30de-4fae-a1a8-168cb1f9510a,724cdb16-5450-43c3-9e8c-67435cff2200,fix,Resolution for INC0000097,Resolved network issue by reset connection pools,Inadequate resource provisioning,Reset connection pools,,Add circuit breakers for external dependencies,Laura Clark,407,false,1,KB5825,2025-11-25 01:08:15,2025-11-25 01:08:15
0f8c213b-f2fd-43ed-b33c-9b30b50794ac,3cf8491e-16b6-490f-a37b-3e30538572aa,workaround,Resolution for INC0000100,Resolved performance issue by cleaned up disk space,Third-party service degradation,Cleaned up disk space,Caching bypass implemented,Schedule regular maintenance windows,Michelle Robinson,436,true,0,KB5545,2025-12-29 08:35:42,2025-12-31 04:35:42
0a34c335-9b40-4887-a0ea-5ed792452560,c2fef95c-ea6b-43a9-9dbb-623337ae1c0e,fix,Resolution for INC0000101,Resolved security issue by rolled back to previous version,Insufficient logging/monitoring,Rolled back to previous version,,Implement certificate auto-renewal,Lisa Anderson,165,true,0,KB6896,2026-01-18 04:12:02,2026-01-18 04:12:02
22618295-20d6-4683-b1a0-1f0f37ca338f,ff63ddef-c082-4f0e-9422-621cc3a237f9,rollback,Resolution for INC0000102,Resolved network issue by reset connection pools,Insufficient logging/monitoring,Reset connection pools,,Implement certificate auto-renewal,James Brown,414,false,1,,2025-10-24 13:18:19,2025-10-26 13:18:19
85e27769-84f0-4168-88e5-bbe2fa4a646d,30deb644-bffa-4cad-8b9c-0e51c9c829a3,restart,Resolution for INC0000103,Resolved data issue by applied configuration hotfix,Third-party service degradation,Applied configuration hotfix,,Implement automated scaling policies,Emily Davis,309,true,0,KB3445,2025-10-01 13:32:36,2025-10-03 06:32:36
5fcb3ab4-a56a-4fe3-9c26-fd362bab875c,cc03c5bd-ded9-4ef9-99d7-038c5ff0fe1c,fix,Resolution for INC0000104,Resolved network issue by applied configuration hotfix,Insufficient logging/monitoring,Applied configuration hotfix,,Schedule regular maintenance windows,Kevin Thompson,183,true,2,,2025-12-30 01:31:40,2025-12-30 17:31:40
07da067d-8e4d-4ab5-9776-732d901011cd,01509123-ebb0-4aca-88bf-1a8555d5093a,fix,Resolution for INC0000106,Resolved data issue by implemented circuit breaker,Network misconfiguration,Implemented circuit breaker,,Add monitoring alerts for early detection,Robert Taylor,480,true,1,KB3140,2025-12-20 04:43:33,2025-12-20 04:43:33
49618aa4-0717-4f02-9037-f855aa36c322,311144bb-532c-446d-81f9-3ded8c6f91fa,workaround,Resolution for INC0000108,Resolved network issue by optimized database queries,Disk I/O bottleneck,Optimized database queries,VPN tunnel established,Implement automated scaling policies,David Wilson,368,true,1,KB1941,2025-08-13 09:38:55,2025-08-13 09:38:55
60b628e5-fb2b-48a4-9d4c-4955e9181e82,83799962-e578-4565-9e0a-8c82684b9075,fix,Resolution for INC0000109,Resolved data issue by updated dns records,Network misconfiguration,Updated DNS records,,Document runbooks for common issues,Sarah Johnson,187,true,3,KB6830,2025-10-05 01:36:23,2025-10-05 23:36:23
1836db92-52ca-44be-b5a7-7b614f702057,e1cfc3ee-73db-477b-a2fa-926f81aba548,workaround,Resolution for INC0000110,Resolved data issue by patched security vulnerability,Load balancer misconfiguration,Patched security vulnerability,Manual failover to DR site,Document runbooks for common issues,Michael Chen,83,true,0,,2025-10-18 06:33:43,2025-10-18 06:33:43
39d9bca2-08fb-43ab-8ae1-e2e9d0389d81,dfe21609-21fc-4507-8af9-a0210ce63883,restart,Resolution for INC0000111,Resolved security issue by patched security vulnerability,Disk I/O bottleneck,Patched security vulnerability,,Add monitoring alerts for early detection,Amanda White,316,true,0,KB7195,2025-09-19 11:35:40,2025-09-20 05:35:40
8599f351-f798-4da9-86c6-c104f274e8ca,53cfbee0-4508-459d-9019-af759e8e4efd,configuration_change,Resolution for INC0000112,Resolved network issue by restarted the affected service,DNS propagation delay,Restarted the affected service,,Schedule regular maintenance windows,Michelle Robinson,36,true,1,KB1477,2025-10-24 18:54:13,2025-10-26 18:54:13
4ffedfcc-a09e-4004-a3b2-fa7600eb6cd5,dddf79ff-7f90-4439-b27c-c954d972a910,fix,Resolution for INC0000113,Resolved security issue by applied vendor patch,Improper error handling,Applied vendor patch,,Enhance logging and observability,Amanda White,264,true,3,KB3471,2025-09-04 02:41:16,2025-09-05 07:41:16
f0264444-d4a6-4b54-9451-2c956aaa67d1,85dcf035-5647-47f3-a8de-3b4cc6badf45,rollback,Resolution for INC0000114,Resolved availability issue by updated dns records,Database connection pool exhaustion,Updated DNS records,,Implement certificate auto-renewal,James Brown,101,true,0,KB7011,2025-12-24 08:00:44,2025-12-24 10:00:44
d1971571-6b82-4068-80ec-b1cfe344e2c7,984d3db6-e3d0-4481-a34b-12ae65e39de6,workaround,Resolution for INC0000115,Resolved security issue by implemented circuit breaker,Improper error handling,Implemented circuit breaker,VPN tunnel established,Implement chaos engineering practices,Emily Davis,79,true,3,KB1664,2025-11-22 05:19:12,2025-11-23 11:19:12
5016ce6a-a998-4fb2-895c-f16bbe2ead13,5a79a742-5d91-47de-b9ee-145e9b452b06,workaround,Resolution for INC0000116,Resolved performance issue by reset connection pools,Database connection pool exhaustion,Reset connection pools,Load balancer health checks adjusted,Schedule regular maintenance windows,Michael Chen,426,true,3,KB1990,2026-01-22 23:08:52,2026-01-22 23:08:52
a3b69771-169b-4380-a428-2786302c9d48,e22a68b1-b1cc-4132-bad0-e14628a91c61,fix,Resolution for INC0000117,Resolved data issue by rolled back to previous version,Certificate expiration oversight,Rolled back to previous version,,Add redundancy to critical components,James Brown,376,true,3,,2025-08-14 09:51:11,2025-08-14 09:51:11
c58eaf96-b907-4704-9247-5488a96ec201,18c206c3-4ab2-43c5-8855-46e77072680c,workaround,Resolution for INC0000118,Resolved performance issue by cleared and rebuilt cache,Lack of circuit breaker implementation,Cleared and rebuilt cache,Direct database access provided,Document runbooks for common issues,Laura Clark,255,true,1,KB6632,2025-09-29 23:10:55,2025-09-30 09:10:55
6cebc574-c7d2-47a5-a641-f211de551fae,15f8158a-be7e-46e6-8e3d-7117a2aeea97,fix,Resolution for INC0000119,Resolved performance issue by cleaned up disk space,Disk I/O bottleneck,Cleaned up disk space,,Document runbooks for common issues,Michelle Robinson,121,true,1,KB3767,2025-12-08 10:07:51,2025-12-10 08:07:51
963f174c-ad37-4294-80ef-60417d449791,cea30c13-d0f2-4675-b03b-6e45ffe58c8a,workaround,Resolution for INC0000120,Resolved availability issue by optimized database queries,Certificate expiration oversight,Optimized database queries,Manual failover to DR site,Add monitoring alerts for early detection,Daniel Harris,164,true,2,KB7732,2025-10-19 22:59:02,2025-10-21 17:59:02
a852d733-0104-4b59-9691-4a8337f2e44e,aaccb26e-15b2-42ac-856c-011ff16b3c3c,restart,Resolution for INC0000121,Resolved performance issue by implemented circuit breaker,Third-party service degradation,Implemented circuit breaker,,Improve deployment pipeline testing,Emily Davis,141,true,2,KB3478,2025-11-20 06:26:19,2025-11-20 06:26:19
cd8d93bf-c90f-4954-9251-3f06ad455951,d043c027-6b34-4316-baa1-473639129cc5,fix,Resolution for INC0000122,Resolved performance issue by fixed network routing rules,Third-party service degradation,Fixed network routing rules,,Enhance logging and observability,John Smith,225,true,0,KB9077,2025-12-06 09:22:05,2025-12-06 09:22:05
875ba3e0-30c5-4065-a106-22c22dc97f41,a949e2aa-ba05-47bb-bf1e-9f1ccc770e26,patch,Resolution for INC0000125,Resolved network issue by patched security vulnerability,Database connection pool exhaustion,Patched security vulnerability,,Document runbooks for common issues,Jessica Garcia,209,true,3,KB4933,2025-08-09 16:03:35,2025-08-09 22:03:35
5f19d8e8-f359-43fa-a2ee-5e4b78b18ccb,ebab654c-d944-491f-8ce9-577fd5fd9fd0,restart,Resolution for INC0000127,Resolved availability issue by implemented circuit breaker,Third-party service degradation,Implemented circuit breaker,,Add monitoring alerts for early detection,Laura Clark,284,true,3,KB4293,2025-08-13 17:16:13,2025-08-13 17:16:13
ae260391-a113-46d3-9dd3-cc5ca7352d5c,73017a2c-6b6d-453d-a969-6cded947ac5b,rollback,Resolution for INC0000128,Resolved availability issue by updated dns records,Database query optimization needed,Updated DNS records,,Implement certificate auto-renewal,Michael Chen,82,true,2,,2025-11-09 13:01:56,2025-11-09 13:01:56
b03bf2b5-58dd-4e73-9a84-2ef08879fae8,cf5ad49f-b50c-4ed0-8680-f3b79c0594a5,patch,Resolution for INC0000129,Resolved application issue by applied configuration hotfix,Third-party service degradation,Applied configuration hotfix,,Improve deployment pipeline testing,Amanda White,391,false,1,KB5271,2026-01-05 23:51:10,2026-01-07 13:51:10
64f05561-0530-4237-92ac-074020e052c0,9174d5c2-a618-4acd-874c-46035c553694,patch,Resolution for INC0000130,Resolved security issue by applied vendor patch,Lack of circuit breaker implementation,Applied vendor patch,,Implement automated scaling policies,Michael Chen,256,true,0,KB6993,2025-10-11 15:57:37,2025-10-12 16:57:37
566d91cd-6c59-41d8-9a5e-8bba164956f2,fba635a7-77e8-4351-98fe-1b5262ebf9d7,configuration_change,Resolution for INC0000131,Resolved data issue by fixed network routing rules,Disk I/O bottleneck,Fixed network routing rules,,Add circuit breakers for external dependencies,Jessica Garcia,210,false,2,KB8649,2025-12-19 09:45:08,2025-12-19 11:45:08
1a439846-d101-47e8-8ce5-0ff665e1100e,816ac442-5fdb-433e-9c2d-7cb553f170fe,restart,Resolution for INC0000132,Resolved network issue by optimized database queries,Third-party service degradation,Optimized database queries,,Document runbooks for common issues,Christopher Lee,303,true,2,,2025-11-27 06:19:21,2025-11-27 06:19:21
5e036085-1a74-4a7c-a58f-97eb6cc4c787,5df595f9-3c0d-46ca-b835-4896253e986c,workaround,Resolution for INC0000133,Resolved performance issue by reset connection pools,Network misconfiguration,Reset connection pools,Direct database access provided,Improve deployment pipeline testing,Jennifer Martinez,87,true,1,KB8736,2026-01-02 22:21:31,2026-01-04 00:21:31
d0eefc32-c49f-4eac-9c09-7c61d24dd3df,4f52c029-cc85-49e4-981a-2eecbe42d729,patch,Resolution for INC0000134,Resolved security issue by rolled back to previous version,Disk I/O bottleneck,Rolled back to previous version,,Implement chaos engineering practices,James Brown,223,true,3,,2025-10-26 12:06:24,2025-10-26 12:06:24
cad170c6-3ead-4ee2-8074-ff5fd7ff15c1,904626ae-4a41-4a45-81c9-96ab62f81910,fix,Resolution for INC0000135,Resolved security issue by cleared and rebuilt cache,Inadequate resource provisioning,Cleared and rebuilt cache,,Add redundancy to critical components,Michelle Robinson,393,false,2,KB1362,2025-12-14 14:33:27,2025-12-16 13:33:27
bb26b616-07ba-4115-8b04-bb8879e48a0f,e992f8c2-bf8a-4563-870f-d5f409540ea2,workaround,Resolution for INC0000136,Resolved availability issue by implemented circuit breaker,Race condition in concurrent processing,Implemented circuit breaker,Temporary redirect to backup system,Document runbooks for common issues,David Wilson,232,true,2,KB6598,2025-09-02 17:05:47,2025-09-04 01:05:47
98c36cd5-10aa-4a99-b7e0-4ad96f804f6b,fa19f349-5019-41e1-882c-3d116acefd22,fix,Resolution for INC0000139,Resolved availability issue by optimized database queries,Inadequate resource provisioning,Optimized database queries,,Document runbooks for common issues,John Smith,106,true,2,KB7505,2025-08-07 01:08:28,2025-08-07 11:08:28
feb5f128-4a9f-48de-988e-62a2e40f56f5,aaf06410-16c6-4610-9be7-0c9afd9a8150,fix,Resolution for INC0000141,Resolved performance issue by scaled out additional instances,Database connection pool exhaustion,Scaled out additional instances,,Schedule regular maintenance windows,James Brown,334,true,1,KB5524,2026-01-01 04:30:23,2026-01-01 04:30:23
031ec2a9-0cc4-4e7c-bd21-13352244b0c9,e39d1c60-2472-405b-961f-229bef3f6a90,fix,Resolution for INC0000143,Resolved security issue by updated ssl/tls certificates,Database connection pool exhaustion,Updated SSL/TLS certificates,,Document runbooks for common issues,Lisa Anderson,426,true,3,KB5684,2025-10-03 02:47:17,2025-10-04 18:47:17
d07c53df-d009-4007-a893-790e45748300,901717cf-bd83-42c6-b4cb-45ae0b092679,fix,Resolution for INC0000144,Resolved performance issue by cleaned up disk space,Third-party service degradation,Cleaned up disk space,,Add redundancy to critical components,Jennifer Martinez,169,true,1,KB3579,2025-11-21 07:47:53,2025-11-21 07:47:53
a1efa617-f99d-47e8-bb05-5da8631863eb,de19bce8-8514-477b-85d4-e38cd14b3426,patch,Resolution for INC0000145,Resolved application issue by applied vendor patch,Certificate expiration oversight,Applied vendor patch,,Add monitoring alerts for early detection,Robert Taylor,467,true,2,KB1914,2025-10-25 14:54:46,2025-10-27 05:54:46
72b36ef6-b12f-4c36-9639-e00bdf05c62b,831c7f6e-5635-4442-a0ba-47ee1b4c1f16,workaround,Resolution for INC0000146,Resolved data issue by optimized database queries,Network misconfiguration,Optimized database queries,Caching bypass implemented,Add circuit breakers for external dependencies,Jessica Garcia,106,true,0,KB2998,2025-11-24 13:18:59,2025-11-24 15:18:59
1c56f12e-c060-45fa-9431-760779f02edb,d7588f2e-ad7a-4bb1-887f-8b99788e54d6,workaround,Resolution for INC0000147,Resolved availability issue by fixed network routing rules,Inadequate resource provisioning,Fixed network routing rules,VPN tunnel established,Schedule regular maintenance windows,Christopher Lee,284,true,0,KB9994,2025-09-24 08:38:12,2025-09-24 21:38:12
2db207d4-ddd7-4b33-a005-4f9cf6469947,5a9fab31-5452-4384-b98a-3cd81068161a,workaround,Resolution for INC0000148,Resolved network issue by implemented circuit breaker,Race condition in concurrent processing,Implemented circuit breaker,Read replicas promoted temporarily,Add redundancy to critical components,Robert Taylor,260,true,2,,2026-01-17 02:09:06,2026-01-18 04:09:06
76ea41de-22c2-405a-95f9-6d6a79fcc3ff,9a2b36f2-2385-495a-84e8-7cc60a46db36,restart,Resolution for INC0000149,Resolved application issue by reset connection pools,Disk I/O bottleneck,Reset connection pools,,Schedule regular maintenance windows,Sarah Johnson,103,true,3,KB9160,2026-01-13 06:04:17,2026-01-14 13:04:17
f436d3cc-d67a-4d77-882e-cdb301ef80a9,a471f709-bfb2-4910-9cfc-bf8f86eb6eb7,fix,Resolution for INC0000150,Resolved availability issue by scaled out additional instances,Third-party service degradation,Scaled out additional instances,,Implement certificate auto-renewal,Sarah Johnson,448,true,0,,2025-08-26 10:33:02,2025-08-26 18:33:02
04102642-d569-48d8-9cd1-6028d105d63a,55baea29-1334-4d7f-b0b2-4674e2eb5a77,workaround,Resolution for INC0000151,Resolved availability issue by updated ssl/tls certificates,Database query optimization needed,Updated SSL/TLS certificates,Rate limiting enabled,Implement certificate auto-renewal,Michelle Robinson,202,true,3,KB8044,2025-09-17 12:32:27,2025-09-18 22:32:27
4e4beb51-096b-438e-b116-6f1f0af07f30,7c8a1c2e-64ad-418e-8bf2-dca80fa6fdf9,workaround,Resolution for INC0000152,Resolved network issue by updated ssl/tls certificates,Network misconfiguration,Updated SSL/TLS certificates,Load balancer health checks adjusted,Implement certificate auto-renewal,Lisa Anderson,156,true,0,KB2014,2025-09-18 06:33:05,2025-09-19 21:33:05
217c48e3-03f1-4d61-b8e8-a96b34dd8172,ee26e4e5-b622-4e9b-99b5-396c71eb89b3,rollback,Resolution for INC0000153,Resolved performance issue by restarted the affected service,Improper error handling,Restarted the affected service,,Improve deployment pipeline testing,Lisa Anderson,74,true,3,,2025-12-27 05:53:55,2025-12-27 11:53:55
5192d4d2-d7bc-4fe1-b0e4-abae0cd1e47e,394c9bfe-fd34-42c5-b6e4-f7a6ba3a87a8,fix,Resolution for INC0000154,Resolved availability issue by implemented circuit breaker,Race condition in concurrent processing,Implemented circuit breaker,,Improve deployment pipeline testing,David Wilson,385,true,0,KB3490,2025-11-29 21:11:00,2025-11-30 13:11:00
f46476e2-03d5-4962-b4d6-5887716a7fe8,791474ab-db28-44ae-a392-328a53e4acea,workaround,Resolution for INC0000155,Resolved availability issue by cleaned up disk space,Database connection pool exhaustion,Cleaned up disk space,Rate limiting enabled,Schedule regular maintenance windows,Amanda White,111,true,2,KB4192,2025-11-17 21:53:05,2025-11-18 15:53:05
eeab9f69-8d4c-4724-8458-398837a102f4,5d908c8a-c912-4448-b007-68058ca41356,fix,Resolution for INC0000156,Resolved data issue by restarted the affected service,Certificate expiration oversight,Restarted the affected service,,Document runbooks for common issues,Sarah Johnson,439,true,0,,2026-01-16 14:10:04,2026-01-16 14:10:04
950072da-d51e-4b8e-8f22-a6a1387d066c,95c996e2-6c35-4281-bc08-ba531e453837,fix,Resolution for INC0000157,Resolved availability issue by optimized database queries,Lack of circuit breaker implementation,Optimized database queries,,Enhance logging and observability,Michael Chen,272,true,0,KB3694,2025-09-27 04:47:58,2025-09-28 16:47:58
c80d8d9c-18c5-4228-a9c6-5281638cc483,e4400b20-6505-4ec2-888c-2be7a18d3581,patch,Resolution for INC0000158,Resolved data issue by cleared and rebuilt cache,Network misconfiguration,Cleared and rebuilt cache,,Add monitoring alerts for early detection,Kevin Thompson,110,true,2,KB3525,2025-12-15 13:36:36,2025-12-15 13:36:36
5aeac819-6b1a-4164-ac60-3fde88038d38,2ff32ae2-9598-4c13-adf9-bdd88f78a68b,workaround,Resolution for INC0000159,Resolved application issue by optimized database queries,DNS propagation delay,Optimized database queries,Rate limiting enabled,Implement automated scaling policies,Laura Clark,476,true,3,,2026-01-13 08:48:27,2026-01-13 09:48:27
f615b847-e9d9-4dc5-aa84-9ddb635f765d,a638fd9a-5cfc-4b08-90fc-2c9adc540721,fix,Resolution for INC0000160,Resolved availability issue by reset connection pools,DNS propagation delay,Reset connection pools,,Improve deployment pipeline testing,Michelle Robinson,26,true,1,,2025-12-21 19:01:08,2025-12-23 00:01:08
8a2a63c6-8532-49bd-be65-2dd6b4272eb0,3f08781d-c1c7-44a6-8cc8-2be47042727d,fix,Resolution for INC0000162,Resolved network issue by applied configuration hotfix,Network misconfiguration,Applied configuration hotfix,,Add circuit breakers for external dependencies,David Wilson,468,true,1,,2025-12-14 01:39:56,2025-12-14 01:39:56
77d931fc-7702-46f6-85b9-7f837033eb0c,44cc434a-7c80-4290-b786-4a57577a9749,rollback,Resolution for INC0000163,Resolved performance issue by applied configuration hotfix,Certificate expiration oversight,Applied configuration hotfix,,Implement automated scaling policies,James Brown,99,true,3,,2025-11-01 06:09:32,2025-11-02 12:09:32
b9c03d96-dd53-4af9-b3a9-683d34481ff3,259a2f80-a5d9-48d8-9e82-eb4d942b2833,configuration_change,Resolution for INC0000165,Resolved application issue by updated dns records,Lack of circuit breaker implementation,Updated DNS records,,Implement certificate auto-renewal,Emily Davis,252,true,1,KB7993,2026-01-23 05:42:29,2026-01-23 05:42:29
869c02b0-a0e6-4664-8d41-99e26e9be5d7,3990c1da-4176-4b12-8cce-d32fa15fb8e9,fix,Resolution for INC0000166,Resolved availability issue by updated ssl/tls certificates,Cache invalidation issue,Updated SSL/TLS certificates,,Implement automated scaling policies,Laura Clark,216,true,0,KB8522,2026-01-24 06:52:00,2026-01-25 17:52:00
3f6a854c-b1ec-45b2-85ce-6bf367ae550e,669c0258-c15f-4ad7-b5ea-d8ba09b98bda,fix,Resolution for INC0000167,Resolved availability issue by applied configuration hotfix,DNS propagation delay,Applied configuration hotfix,,Implement chaos engineering practices,David Wilson,321,true,0,,2025-12-10 17:12:56,2025-12-11 19:12:56
aee5d571-346d-4de6-a522-5cce4d1de227,88c9207a-6bc2-4c31-ab2d-96b50e9c3efa,configuration_change,Resolution for INC0000168,Resolved security issue by applied vendor patch,Disk I/O bottleneck,Applied vendor patch,,Implement certificate auto-renewal,Sarah Johnson,213,false,0,KB3555,2025-09-12 01:43:58,2025-09-12 01:43:58
980ceb44-b032-4c07-942e-e7d5ee344eef,79c9ac8b-4937-43da-9ff1-76788fc72d08,workaround,Resolution for INC0000169,Resolved availability issue by updated ssl/tls certificates,Database query optimization needed,Updated SSL/TLS certificates,Read replicas promoted temporarily,Implement certificate auto-renewal,Daniel Harris,366,true,1,,2025-12-01 20:54:59,2025-12-01 20:54:59
cb55900c-6749-4390-9a69-9ef7a8f8722c,1da7efc9-0a38-4065-87d3-79da8a0f3220,patch,Resolution for INC0000171,Resolved performance issue by scaled out additional instances,Database query optimization needed,Scaled out additional instances,,Implement chaos engineering practices,Michael Chen,72,true,2,KB5231,2025-10-29 08:29:14,2025-10-29 20:29:14
0a5d6b82-ac08-4451-96af-fb180da5983c,093ab08b-3112-4e8d-b4d2-e56fa30a20ff,restart,Resolution for INC0000172,Resolved application issue by scaled out additional instances,Race condition in concurrent processing,Scaled out additional instances,,Implement certificate auto-renewal,Kevin Thompson,159,true,2,KB4437,2025-11-23 16:13:30,2025-11-23 19:13:30
bcaaefce-aa27-4f48-a643-166ac744085a,f7bc36eb-e743-4d69-927f-d3f07a9472a4,patch,Resolution for INC0000173,Resolved data issue by cleared and rebuilt cache,Inadequate resource provisioning,Cleared and rebuilt cache,,Schedule regular maintenance windows,John Smith,165,true,0,,2025-12-21 00:17:15,2025-12-21 00:17:15
d2f7fc47-f950-4547-b182-bc97691747c3,f02bb460-a5e9-4632-8be3-c6b3de8b7973,restart,Resolution for INC0000174,Resolved network issue by rolled back to previous version,Inadequate resource provisioning,Rolled back to previous version,,Add redundancy to critical components,David Wilson,104,true,1,,2025-12-19 03:58:00,2025-12-19 09:58:00
a493c996-336f-4bd4-a4f6-c0cf13a8e1ab,110fa7f9-8a8c-48fa-9995-6f4a78149e76,restart,Resolution for INC0000175,Resolved security issue by cleaned up disk space,Inadequate resource provisioning,Cleaned up disk space,,Schedule regular maintenance windows,Sarah Johnson,437,true,2,KB7177,2026-01-28 17:33:51,2026-01-28 17:33:51
48023757-5ac8-4f89-a344-9d031783f094,13cb743c-8c76-4f23-8885-935f44f440b0,fix,Resolution for INC0000177,Resolved security issue by implemented circuit breaker,Race condition in concurrent processing,Implemented circuit breaker,,Document runbooks for common issues,Sarah Johnson,148,true,0,,2025-09-02 21:15:07,2025-09-03 17:15:07
fdf0235d-eb0f-453e-af5b-82f53719b3d8,87152a08-27cb-44e0-9822-9cda9c8a45c6,fix,Resolution for INC0000178,Resolved security issue by implemented circuit breaker,Improper error handling,Implemented circuit breaker,,Add circuit breakers for external dependencies,Michelle Robinson,362,true,0,,2026-01-06 08:21:22,2026-01-07 03:21:22
ed6bc8c4-0e03-4249-8959-d061895aac0e,e5071182-9bf4-4c13-b827-8442daf1dfbc,fix,Resolution for INC0000179,Resolved availability issue by restarted the affected service,Disk I/O bottleneck,Restarted the affected service,,Add redundancy to critical components,Jennifer Martinez,24,true,3,KB4871,2025-08-28 20:15:57,2025-08-28 20:15:57
29857a51-e4fc-4e05-9242-20fb81e82c19,f9d0d2b3-1af4-4e33-af12-6fee21f38cc6,fix,Resolution for INC0000180,Resolved data issue by cleaned up disk space,Network misconfiguration,Cleaned up disk space,,Improve deployment pipeline testing,Christopher Lee,300,true,2,,2025-12-21 06:58:20,2025-12-21 07:58:20
81aada0f-0a84-4b77-a6d6-2616364f8b99,b820b754-b252-4ef3-a40e-b48fe443c6c4,restart,Resolution for INC0000182,Resolved availability issue by updated ssl/tls certificates,Memory leak in application code,Updated SSL/TLS certificates,,Schedule regular maintenance windows,Jessica Garcia,94,true,0,KB7313,2025-11-28 06:23:28,2025-11-28 06:23:28
f7b22152-c6ea-49dc-bf46-8319ff27d6b4,ac417aa9-ef41-44aa-8228-7a4fa23236c4,fix,Resolution for INC0000183,Resolved performance issue by cleaned up disk space,Load balancer misconfiguration,Cleaned up disk space,,Implement automated scaling policies,Emily Davis,82,true,3,KB8758,2025-10-04 02:50:17,2025-10-05 03:50:17
3781b0c3-4e1e-4033-9bca-db85577a21c6,432306fe-7368-4d98-93c4-d2574ae3a328,restart,Resolution for INC0000184,Resolved network issue by optimized database queries,Race condition in concurrent processing,Optimized database queries,,Add monitoring alerts for early detection,Christopher Lee,195,true,3,KB6217,2025-11-15 11:05:06,2025-11-16 01:05:06
207cbb88-e43e-4e98-b985-22ff8fea122c,73fe28be-5cea-403c-a2b6-34a5ac70d4f2,fix,Resolution for INC0000185,Resolved application issue by increased resource allocation (cpu/memory),Database query optimization needed,Increased resource allocation (CPU/Memory),,Schedule regular maintenance windows,Kevin Thompson,221,true,0,KB8014,2025-11-12 23:41:12,2025-11-14 07:41:12
31ffb291-ffa9-4208-ad72-fda78703c5d1,a72005ab-2ee6-4a21-ba49-3d64d5bf143f,patch,Resolution for INC0000187,Resolved data issue by rolled back to previous version,Database connection pool exhaustion,Rolled back to previous version,,Add monitoring alerts for early detection,John Smith,272,true,2,KB5450,2025-09-09 14:32:23,2025-09-09 20:32:23
372f10dd-41ae-43eb-8819-41e4cf1a099c,58937579-a089-43a2-becf-8d2677783584,fix,Resolution for INC0000189,Resolved availability issue by implemented circuit breaker,DNS propagation delay,Implemented circuit breaker,,Add monitoring alerts for early detection,Kevin Thompson,48,true,1,KB8386,2025-10-25 17:26:14,2025-10-25 19:26:14
f4b5fd0d-2143-45ac-bcef-b5407f4e069e,c2bbcf9b-f9b9-4f2e-be8b-c08bb3902ce7,workaround,Resolution for INC0000190,Resolved availability issue by updated ssl/tls certificates,Cache invalidation issue,Updated SSL/TLS certificates,Rate limiting enabled,Implement automated scaling policies,Lisa Anderson,426,true,1,KB3764,2025-12-11 18:15:34,2025-12-11 18:15:34
1ed98824-b955-428a-869b-519eef317ace,0fd68ee8-3122-4a29-9e19-42ed69efb8db,workaround,Resolution for INC0000191,Resolved performance issue by applied configuration hotfix,DNS propagation delay,Applied configuration hotfix,Temporary redirect to backup system,Add monitoring alerts for early detection,Emily Davis,212,true,3,KB2471,2025-12-16 08:27:39,2025-12-16 13:27:39
848bf6af-2abc-45e5-addc-a01c30d45bab,c1849283-c060-4d0e-bcfd-f466dec48d02,fix,Resolution for INC0000192,Resolved performance issue by increased resource allocation (cpu/memory),DNS propagation delay,Increased resource allocation (CPU/Memory),,Implement certificate auto-renewal,Daniel Harris,436,true,3,,2025-10-18 09:34:46,2025-10-20 08:34:46
7d49ed6d-a1a8-4b1f-bac6-34d60c123cd9,3b227caa-e4c4-45d8-8970-fcdc060a0351,rollback,Resolution for INC0000193,Resolved performance issue by scaled out additional instances,DNS propagation delay,Scaled out additional instances,,Enhance logging and observability,Christopher Lee,101,true,3,KB9572,2025-12-30 17:33:39,2025-12-30 17:33:39
4a5471d7-966c-466e-87fe-51fb129a5669,ca17db26-492b-46e3-a108-d08046ee3f10,workaround,Resolution for INC0000194,Resolved availability issue by increased resource allocation (cpu/memory),Cache invalidation issue,Increased resource allocation (CPU/Memory),Rate limiting enabled,Implement chaos engineering practices,Kevin Thompson,140,true,1,KB4037,2025-11-30 08:02:19,2025-12-01 01:02:19
d3288f16-9aa5-44d4-a3ca-2d7dfed2db62,43796a0d-bfb2-4fcf-8520-daf8f0d8f339,fix,Resolution for INC0000195,Resolved network issue by cleaned up disk space,Third-party service degradation,Cleaned up disk space,,Implement chaos engineering practices,Amanda White,28,true,3,,2025-09-11 07:16:18,2025-09-11 22:16:18
b587ef0e-72f8-4504-97bf-7302dc5996f9,b3e00bb1-7d5a-4ae6-836b-8a42e117f99a,restart,Resolution for INC0000197,Resolved application issue by fixed network routing rules,DNS propagation delay,Fixed network routing rules,,Enhance logging and observability,Jessica Garcia,314,true,3,KB4407,2026-01-01 04:04:17,2026-01-01 04:04:17
1e8b52c3-7b3e-48c7-8b51-4c0475d65421,309f5ecb-0a7f-42a2-83e9-c7b8f6285378,patch,Resolution for INC0000198,Resolved data issue by cleaned up disk space,Database query optimization needed,Cleaned up disk space,,Document runbooks for common issues,Daniel Harris,315,true,2,KB2502,2025-11-01 16:29:58,2025-11-03 01:29:58
908ab80c-a4a0-43ec-8e54-aa4828d9624d,74e068d7-b676-43ba-a655-1115ffa518ed,rollback,Resolution for INC0000199,Resolved data issue by optimized database queries,Certificate expiration oversight,Optimized database queries,,Improve deployment pipeline testing,David Wilson,130,true,2,KB3042,2025-08-07 16:19:55,2025-08-08 12:19:55
c02aa2dc-c73e-4ba8-931b-55e97f18a436,07394bb5-6688-4798-b356-e7f22abc0819,fix,Resolution for INC0000200,Resolved performance issue by applied configuration hotfix,DNS propagation delay,Applied configuration hotfix,,Add monitoring alerts for early detection,James Brown,445,false,0,,2025-12-28 18:28:35,2025-12-30 18:28:35
5867d368-76d5-429f-bc2e-74f7830c0415,22a4f2c9-024c-4d8e-b83e-71b9cf1ab96b,workaround,Resolution for INC0000201,Resolved performance issue by optimized database queries,DNS propagation delay,Optimized database queries,Direct database access provided,Add redundancy to critical components,Sarah Johnson,394,true,2,KB1818,2025-12-24 13:50:39,2025-12-24 13:50:39
50f7a536-73f1-4dcf-8580-84f0fb5252fa,967e532d-ca46-4b91-a163-e6300028e626,fix,Resolution for INC0000203,Resolved performance issue by optimized database queries,Cache invalidation issue,Optimized database queries,,Enhance logging and observability,Emily Davis,314,true,2,KB8131,2025-09-27 01:19:38,2025-09-28 15:19:38
578f9450-3990-4b0b-ae4e-9b56a14ac6f6,953d86c2-8042-4019-b05c-95b9646ae093,workaround,Resolution for INC0000205,Resolved security issue by rolled back to previous version,DNS propagation delay,Rolled back to previous version,Feature flag disabled,Add circuit breakers for external dependencies,John Smith,316,true,2,,2025-11-26 16:28:18,2025-11-28 09:28:18
3316534a-1626-4c2e-967d-351830f8e694,f046c3cf-1607-4a36-b128-2276159eea90,fix,Resolution for INC0000206,Resolved data issue by applied vendor patch,Disk I/O bottleneck,Applied vendor patch,,Implement certificate auto-renewal,Christopher Lee,168,true,3,,2025-12-14 00:56:20,2025-12-14 17:56:20
76c2f626-e18a-4cc7-a63c-ac2152ffbcf7,ac8602f3-3746-4edc-98d4-f95cfb7f71c7,fix,Resolution for INC0000207,Resolved application issue by applied vendor patch,Memory leak in application code,Applied vendor patch,,Improve deployment pipeline testing,Lisa Anderson,472,false,1,KB4614,2025-12-06 19:54:42,2025-12-08 04:54:42
f42b3182-6914-4ff4-bdf1-5dc7e62b15a2,d859ba02-89a7-4458-b092-0e90b02c6bc4,workaround,Resolution for INC0000208,Resolved security issue by restarted the affected service,Certificate expiration oversight,Restarted the affected service,Feature flag disabled,Implement chaos engineering practices,James Brown,366,true,1,,2025-11-26 06:22:31,2025-11-26 06:22:31
f141cc64-8e07-4ccf-a16c-5208034024d5,dd5860fa-00a4-421c-8664-80e4510e13ed,workaround,Resolution for INC0000210,Resolved availability issue by increased resource allocation (cpu/memory),Inadequate resource provisioning,Increased resource allocation (CPU/Memory),Feature flag disabled,Improve deployment pipeline testing,Jennifer Martinez,349,true,3,KB4373,2025-10-27 12:25:42,2025-10-29 03:25:42
d2e3a9d1-bce6-4be0-9f24-1d55cdd5d353,32bf308d-4578-4bf7-b61d-3b32eb07f513,fix,Resolution for INC0000211,Resolved security issue by updated ssl/tls certificates,Cache invalidation issue,Updated SSL/TLS certificates,,Document runbooks for common issues,Michelle Robinson,172,true,1,KB2804,2025-11-03 02:09:21,2025-11-04 06:09:21
e1855e99-8457-44c8-9b71-ffd3a95588a7,1fe8b7fc-1a37-4c60-8ec2-c9eeab0500a1,fix,Resolution for INC0000212,Resolved data issue by applied configuration hotfix,Disk I/O bottleneck,Applied configuration hotfix,,Add circuit breakers for external dependencies,James Brown,434,true,3,KB2283,2025-11-29 05:01:28,2025-11-29 05:01:28
028a710f-f61e-4028-8148-b41bdda5b8db,b05e552e-647f-4622-8b95-a032e9c26f9f,configuration_change,Resolution for INC0000213,Resolved security issue by patched security vulnerability,Database query optimization needed,Patched security vulnerability,,Add redundancy to critical components,Robert Taylor,117,true,2,,2025-12-25 10:08:44,2025-12-25 10:08:44
ed82a114-54e6-4063-ade8-bea8dc62bfc3,e58a4ffa-f4cb-4311-9dd2-40fa5896f80b,fix,Resolution for INC0000215,Resolved data issue by rolled back to previous version,Third-party service degradation,Rolled back to previous version,,Implement chaos engineering practices,David Wilson,239,true,2,,2025-10-14 11:22:31,2025-10-15 06:22:31
05cad0f3-cc47-4a79-9a58-5762aa8a25d0,7a0dd3ad-317c-4bc2-bf51-17c138024054,restart,Resolution for INC0000216,Resolved data issue by applied vendor patch,Insufficient logging/monitoring,Applied vendor patch,,Add redundancy to critical components,Robert Taylor,60,true,2,,2025-12-28 20:05:21,2025-12-30 01:05:21
98967ce9-d61e-4043-a32e-136571b7bee3,f29a7ab5-9f4a-4dcb-b4e5-d1e49eccd1aa,restart,Resolution for INC0000217,Resolved performance issue by rolled back to previous version,Database connection pool exhaustion,Rolled back to previous version,,Document runbooks for common issues,Lisa Anderson,199,true,1,,2026-01-31 02:33:19,2026-01-31 02:33:19
ab452354-e958-49cd-93cb-240d4a9dc86f,36b5d94a-2858-4b89-9ece-e7fa97caf0c4,fix,Resolution for INC0000218,Resolved security issue by reset connection pools,Certificate expiration oversight,Reset connection pools,,Add redundancy to critical components,Michelle Robinson,26,true,2,KB5417,2025-10-09 10:13:05,2025-10-09 10:13:05
c437f83f-be9b-46c6-82ec-f09a870bca1a,3126c3f7-0598-4969-aa5c-8858dc411782,configuration_change,Resolution for INC0000219,Resolved performance issue by rolled back to previous version,Load balancer misconfiguration,Rolled back to previous version,,Implement automated scaling policies,Christopher Lee,304,true,1,KB1782,2025-12-14 06:28:20,2025-12-14 06:28:20
7313dfe3-5a5f-4271-bac5-4f301d3eed13,7e63f018-85ac-405f-a7a2-a1ac1404efc3,rollback,Resolution for INC0000220,Resolved application issue by fixed network routing rules,Inadequate resource provisioning,Fixed network routing rules,,Implement chaos engineering practices,Kevin Thompson,72,true,3,,2025-08-28 09:20:04,2025-08-29 20:20:04
7797ccd5-fb9f-4c52-849c-9bad2d09832d,fd3862cd-1139-4742-87f8-a034e1b50ad7,fix,Resolution for INC0000222,Resolved application issue by patched security vulnerability,Third-party service degradation,Patched security vulnerability,,Enhance logging and observability,Jennifer Martinez,334,true,2,KB3583,2025-12-30 04:04:18,2025-12-31 05:04:18
7294b900-287f-4220-aca7-b2d0d8baeef5,856f820f-c5fe-4b32-aa49-3f9b5266b072,fix,Resolution for INC0000223,Resolved availability issue by restarted the affected service,Cache invalidation issue,Restarted the affected service,,Document runbooks for common issues,James Brown,465,true,1,KB8843,2025-12-30 08:28:12,2025-12-30 08:28:12
5d5091fc-a75e-4d90-9c30-d9b9d77a62f3,addc55ed-924f-4857-b9e1-c1a108b88cb2,restart,Resolution for INC0000225,Resolved security issue by scaled out additional instances,Certificate expiration oversight,Scaled out additional instances,,Improve deployment pipeline testing,Daniel Harris,85,true,2,KB7763,2025-09-29 02:09:43,2025-09-29 02:09:43
1cedc45a-9138-4ae5-8b02-c0ae3c1b07d5,009707c8-0ac1-404d-8775-b47346da4f4e,workaround,Resolution for INC0000226,Resolved application issue by scaled out additional instances,Improper error handling,Scaled out additional instances,Feature flag disabled,Schedule regular maintenance windows,Michael Chen,120,true,0,KB1703,2025-11-25 04:20:29,2025-11-26 05:20:29
74fb8fa1-55f2-4900-823b-56c0eb9c9b04,2f79956a-9ae2-4c35-b77b-50a785e9faed,fix,Resolution for INC0000227,Resolved network issue by patched security vulnerability,Improper error handling,Patched security vulnerability,,Implement chaos engineering practices,Michelle Robinson,324,true,0,KB4660,2025-09-04 11:00:56,2025-09-05 10:00:56
d413166a-735a-4c27-8877-8de4ea1da0fd,26bbe7d5-e00d-4232-bca9-2ca695cc94d8,rollback,Resolution for INC0000229,Resolved security issue by applied vendor patch,Inadequate resource provisioning,Applied vendor patch,,Implement automated scaling policies,Daniel Harris,348,true,2,KB2880,2025-08-21 09:24:52,2025-08-22 05:24:52
893fa7dc-1eff-4dae-a9f2-3ef8e9104832,9fe8c36f-581d-42da-a535-de574c6428de,fix,Resolution for INC0000230,Resolved application issue by applied vendor patch,Race condition in concurrent processing,Applied vendor patch,,Add circuit breakers for external dependencies,Laura Clark,80,true,2,KB7416,2025-09-19 09:41:48,2025-09-20 19:41:48
701da331-b61d-4acb-8eca-c6a3e653a25d,613ea32a-6a37-4952-8925-c74c8d0f8947,fix,Resolution for INC0000231,Resolved application issue by patched security vulnerability,Third-party service degradation,Patched security vulnerability,,Improve deployment pipeline testing,Jessica Garcia,104,true,3,,2025-09-14 04:48:18,2025-09-15 14:48:18
ae2dba82-7707-4cc0-a1f0-6c8e266db3f8,fbd953ef-b797-4342-be55-a008d7cee687,rollback,Resolution for INC0000233,Resolved application issue by optimized database queries,Database query optimization needed,Optimized database queries,,Add monitoring alerts for early detection,Lisa Anderson,405,true,1,,2025-08-16 14:11:58,2025-08-16 14:11:58
d2fcf301-c6f5-4837-842f-1288245e3e8c,81638e3d-d977-470e-b6cd-12485d88feca,fix,Resolution for INC0000236,Resolved network issue by updated ssl/tls certificates,Certificate expiration oversight,Updated SSL/TLS certificates,,Enhance logging and observability,Daniel Harris,352,true,2,KB4625,2025-09-06 22:51:58,2025-09-07 04:51:58
73d6cb8c-c7a1-4e62-be78-50623d034131,48e85bc5-6fdb-404f-b633-56c51fcf5bb5,fix,Resolution for INC0000238,Resolved network issue by cleared and rebuilt cache,Load balancer misconfiguration,Cleared and rebuilt cache,,Enhance logging and observability,Sarah Johnson,116,true,1,KB4007,2026-01-12 15:29:21,2026-01-13 03:29:21
bab1b17a-5d3b-4121-a080-466a84ab99e0,79acad0f-af26-4d3c-abf9-a4b0967885aa,fix,Resolution for INC0000239,Resolved network issue by optimized database queries,Database query optimization needed,Optimized database queries,,Schedule regular maintenance windows,Kevin Thompson,433,true,1,KB5074,2025-09-22 17:54:54,2025-09-22 17:54:54
d4a987a4-c4b7-417e-9846-05600eae97da,3682476a-a408-4410-b98f-8b175766eb60,fix,Resolution for INC0000240,Resolved data issue by scaled out additional instances,Inadequate resource provisioning,Scaled out additional instances,,Add redundancy to critical components,Laura Clark,110,true,1,,2025-10-30 01:55:12,2025-10-30 01:55:12
262b52eb-91cd-40dc-9bd5-2c29ce5a7137,a5707ea8-5e53-4c9f-8793-c277e389174b,fix,Resolution for INC0000242,Resolved performance issue by cleared and rebuilt cache,Insufficient logging/monitoring,Cleared and rebuilt cache,,Add circuit breakers for external dependencies,Daniel Harris,298,true,3,,2025-10-22 09:15:06,2025-10-22 15:15:06
631e25e3-77e6-4dec-b861-9b988047a5a5,73650b90-2848-4d4b-835c-ab0258e84512,workaround,Resolution for INC0000243,Resolved availability issue by restarted the affected service,Lack of circuit breaker implementation,Restarted the affected service,Temporary redirect to backup system,Enhance logging and observability,Jessica Garcia,92,true,2,,2025-12-17 11:13:13,2025-12-19 00:13:13
cb6b66c4-63b3-4190-8ff6-6290675d07f4,b113f0ff-26d7-4cac-81b3-36a9bccc3699,configuration_change,Resolution for INC0000244,Resolved network issue by patched security vulnerability,Disk I/O bottleneck,Patched security vulnerability,,Add redundancy to critical components,Michelle Robinson,339,true,0,KB2469,2026-01-25 23:29:18,2026-01-27 15:29:18
3ecbf3eb-5aec-45c0-8f9a-194014b35024,6ff2329d-bf46-4656-8dbc-e5fae3cb1653,rollback,Resolution for INC0000245,Resolved data issue by scaled out additional instances,Database query optimization needed,Scaled out additional instances,,Add circuit breakers for external dependencies,John Smith,179,true,3,KB1615,2025-11-20 08:08:29,2025-11-20 17:08:29
c3cf3b5a-414f-4628-a6fd-96187e07bf25,9dde6c3b-4cfb-45b7-86d0-968bfec2a325,fix,Resolution for INC0000246,Resolved security issue by applied vendor patch,Memory leak in application code,Applied vendor patch,,Improve deployment pipeline testing,Laura Clark,45,true,2,,2026-01-08 10:11:02,2026-01-09 13:11:02
0e000205-f60f-4b88-ba2e-c7015d8b97f9,1337b4d4-6a3a-42ad-8b8f-d90b250a145b,fix,Resolution for INC0000247,Resolved availability issue by applied vendor patch,DNS propagation delay,Applied vendor patch,,Enhance logging and observability,Robert Taylor,142,true,3,KB3968,2025-11-13 11:42:26,2025-11-14 10:42:26
195cacbd-86a9-427a-9868-85e588140a8a,39da8204-a3c5-4b9d-b5c3-87842ee7d79f,workaround,Resolution for INC0000250,Resolved application issue by updated ssl/tls certificates,Network misconfiguration,Updated SSL/TLS certificates,Rate limiting enabled,Implement certificate auto-renewal,Laura Clark,335,true,1,,2025-11-10 02:41:30,2025-11-11 08:41:30
9df6fe24-74be-43ba-a46a-237bc7588765,0faf1c8e-409b-418c-b748-bc9ba1467fb8,fix,Resolution for INC0000252,Resolved security issue by applied configuration hotfix,Inadequate resource provisioning,Applied configuration hotfix,,Implement automated scaling policies,Laura Clark,66,true,0,KB1163,2025-11-03 15:55:59,2025-11-05 13:55:59
ff0f997c-584e-4a96-8112-f1c869dc1175,5b6d09c1-1b6e-4487-a12e-0f987ce5637f,fix,Resolution for INC0000253,Resolved performance issue by cleared and rebuilt cache,Certificate expiration oversight,Cleared and rebuilt cache,,Implement certificate auto-renewal,Emily Davis,460,true,3,KB3012,2025-11-09 17:33:39,2025-11-11 12:33:39
f58ef041-4f08-4a94-aa52-95ea281838e3,74b73530-5d47-49f5-97a7-b89de75737ec,restart,Resolution for INC0000254,Resolved performance issue by optimized database queries,Race condition in concurrent processing,Optimized database queries,,Add circuit breakers for external dependencies,Sarah Johnson,378,true,0,KB7993,2025-11-05 15:13:45,2025-11-07 06:13:45
7b510d79-5bd2-41a1-abd3-74a2b45b0cb9,aba5d432-0f81-4546-b1d7-a5dd588b0981,fix,Resolution for INC0000255,Resolved data issue by scaled out additional instances,DNS propagation delay,Scaled out additional instances,,Document runbooks for common issues,Lisa Anderson,479,true,2,KB1928,2026-01-12 11:30:44,2026-01-12 11:30:44
0d340367-fc74-4392-9e50-8a5df95a8f74,4209bbe1-161d-44b4-9dd9-1ee098d65f87,fix,Resolution for INC0000256,Resolved security issue by cleaned up disk space,Network misconfiguration,Cleaned up disk space,,Improve deployment pipeline testing,Jennifer Martinez,364,false,1,,2025-10-08 06:55:48,2025-10-08 06:55:48
3d52cccd-f2e8-4e21-ae54-c867ca7632b9,02e0b5ab-6c3f-4cfe-bda9-4f7afaf6d057,restart,Resolution for INC0000259,Resolved availability issue by fixed network routing rules,Improper error handling,Fixed network routing rules,,Add redundancy to critical components,Lisa Anderson,239,true,1,KB5437,2025-11-02 04:03:39,2025-11-02 04:03:39
272c9bd9-4ebc-47d2-82ab-615824272675,a30a07cd-71c7-442b-900e-01c537657ba2,restart,Resolution for INC0000261,Resolved data issue by updated dns records,Memory leak in application code,Updated DNS records,,Schedule regular maintenance windows,Michael Chen,83,true,2,KB1268,2025-12-19 02:04:21,2025-12-20 03:04:21
2c396208-5d53-474e-a443-a576ad4dbb96,cb568bb9-f0ec-432d-ad56-6e3d7e732eca,fix,Resolution for INC0000262,Resolved performance issue by reset connection pools,Inadequate resource provisioning,Reset connection pools,,Schedule regular maintenance windows,Jennifer Martinez,441,true,1,KB7116,2025-08-11 13:09:42,2025-08-11 13:09:42
ef0a3ee0-f5c3-453f-9d30-1cd94d4a237f,65ceef90-67be-4da3-94e8-c49e769f9522,fix,Resolution for INC0000263,Resolved availability issue by applied vendor patch,Database query optimization needed,Applied vendor patch,,Implement chaos engineering practices,Michelle Robinson,239,true,3,,2026-01-08 09:23:11,2026-01-09 12:23:11
8bd0bfac-e03b-4104-9758-f41313527611,b7affaec-bfc2-446f-be75-8b351cc5a0c4,patch,Resolution for INC0000264,Resolved application issue by applied vendor patch,Third-party service degradation,Applied vendor patch,,Add circuit breakers for external dependencies,Michael Chen,201,true,3,KB5267,2025-10-11 06:51:41,2025-10-11 22:51:41
2b8f685a-91e3-423e-b5cd-5b827cbaba9a,63294339-2c26-4368-9aa6-f2b802d47b1b,workaround,Resolution for INC0000265,Resolved application issue by patched security vulnerability,Database query optimization needed,Patched security vulnerability,Feature flag disabled,Schedule regular maintenance windows,Emily Davis,274,true,3,KB9873,2025-09-05 19:53:32,2025-09-07 17:53:32
4f5d27a6-128a-4490-bdc1-a1d26faef688,3c600d04-52b5-4800-9e8c-89e87c2d64f2,fix,Resolution for INC0000266,Resolved application issue by applied vendor patch,Inadequate resource provisioning,Applied vendor patch,,Add circuit breakers for external dependencies,Michael Chen,239,true,3,,2025-08-18 08:32:52,2025-08-18 08:32:52
2fc36603-119b-4679-bc59-78fd5454e340,0b288623-80fb-481d-bfaa-0b017a45a371,fix,Resolution for INC0000267,Resolved application issue by applied vendor patch,Inadequate resource provisioning,Applied vendor patch,,Add monitoring alerts for early detection,Robert Taylor,364,true,0,,2026-01-31 23:15:30,2026-01-31 23:15:30
92192cd8-ce54-4fe8-9ed0-7cbecf12b027,eea78a55-d302-47f2-9ffa-66447008200b,rollback,Resolution for INC0000269,Resolved availability issue by reset connection pools,Disk I/O bottleneck,Reset connection pools,,Improve deployment pipeline testing,Jessica Garcia,456,true,2,,2026-01-26 16:46:30,2026-01-26 16:46:30
183ea72e-1e4e-4ce8-8f95-11edc6c6320c,b4d3c1e2-6848-4ba4-9f41-863014797b80,patch,Resolution for INC0000270,Resolved network issue by reset connection pools,Network misconfiguration,Reset connection pools,,Schedule regular maintenance windows,Laura Clark,411,true,1,KB2250,2025-09-23 03:42:58,2025-09-23 15:42:58
c91f638c-0d90-45ad-89c7-1f12860c452b,926ca7cc-3018-4e1e-8cb2-30cf49808221,restart,Resolution for INC0000274,Resolved performance issue by increased resource allocation (cpu/memory),Database connection pool exhaustion,Increased resource allocation (CPU/Memory),,Schedule regular maintenance windows,Laura Clark,206,false,0,KB8502,2025-08-12 11:55:27,2025-08-12 16:55:27
94dd2055-377f-4d67-87d0-cb4fd59b3551,0b86c616-68de-41dd-8878-b3f9ab0e8d7c,patch,Resolution for INC0000277,Resolved security issue by restarted the affected service,Insufficient logging/monitoring,Restarted the affected service,,Implement certificate auto-renewal,Christopher Lee,244,true,3,,2025-12-23 06:01:54,2025-12-23 14:01:54
e02b5524-1e28-434c-a284-20c46cbb86d3,b85feefb-1d6b-4d0a-bf86-3882d6bf5b14,restart,Resolution for INC0000279,Resolved application issue by restarted the affected service,Cache invalidation issue,Restarted the affected service,,Add monitoring alerts for early detection,Daniel Harris,244,true,3,KB1590,2025-10-16 03:32:12,2025-10-16 16:32:12
21694404-43b2-4d11-bea6-f3b2c601849e,ef3d2303-4326-4e38-9d28-efa9d75f5b86,restart,Resolution for INC0000280,Resolved data issue by implemented circuit breaker,DNS propagation delay,Implemented circuit breaker,,Implement certificate auto-renewal,Sarah Johnson,269,true,0,KB5125,2026-01-08 06:26:49,2026-01-08 06:26:49
e1b1c574-4ebc-4294-9f25-c49c00a4425b,f7990916-307c-4f95-8be0-01965bf0974b,restart,Resolution for INC0000281,Resolved network issue by applied configuration hotfix,Race condition in concurrent processing,Applied configuration hotfix,,Document runbooks for common issues,Jessica Garcia,170,true,0,KB3828,2025-12-18 15:39:33,2025-12-18 15:39:33
3576695a-7c8f-464e-a284-877b2a4e1379,6c96dffd-987d-4f2b-be48-1be3b2383b65,fix,Resolution for INC0000282,Resolved data issue by implemented circuit breaker,Disk I/O bottleneck,Implemented circuit breaker,,Add circuit breakers for external dependencies,Michael Chen,110,true,1,KB8444,2025-09-27 17:13:58,2025-09-28 08:13:58
906c93e5-885e-4bc5-8bb8-8f3fc2bcb298,187de3bd-1570-4fc9-aed1-2a04ecd8e41c,fix,Resolution for INC0000283,Resolved network issue by restarted the affected service,Improper error handling,Restarted the affected service,,Improve deployment pipeline testing,Lisa Anderson,17,true,1,KB3886,2025-09-25 16:19:35,2025-09-26 08:19:35
22506ebc-9069-4fbc-adab-ebf8c5db5eac,a1e4c30a-a44f-41d4-af4e-f6b3c25893c7,workaround,Resolution for INC0000284,Resolved data issue by updated ssl/tls certificates,Database query optimization needed,Updated SSL/TLS certificates,Direct database access provided,Document runbooks for common issues,James Brown,231,true,1,,2026-01-11 01:03:28,2026-01-11 01:03:28
b07762c6-ee72-40bb-bdb4-b9a3fd486d4c,3af59436-a762-406f-8210-f15cdab35048,restart,Resolution for INC0000286,Resolved application issue by restarted the affected service,Improper error handling,Restarted the affected service,,Enhance logging and observability,Lisa Anderson,420,true,2,KB8255,2025-09-03 00:35:38,2025-09-03 00:35:38
be1fa2a6-afaa-4f78-9bcd-990a7be1049c,68039d1e-83df-4e41-9600-7754b8947eb6,configuration_change,Resolution for INC0000287,Resolved security issue by applied vendor patch,Certificate expiration oversight,Applied vendor patch,,Implement automated scaling policies,Michael Chen,70,true,3,KB6416,2025-10-16 09:43:53,2025-10-16 17:43:53
6de4d1b3-8b7d-45ea-9584-d4568559696c,71087b70-efdc-43b3-9d9b-ae1d79cc4aa6,fix,Resolution for INC0000289,Resolved data issue by scaled out additional instances,Lack of circuit breaker implementation,Scaled out additional instances,,Implement automated scaling policies,Sarah Johnson,111,true,2,,2026-01-21 07:59:38,2026-01-21 21:59:38
210b7b4a-a3cf-46fd-bd57-35e05eef0d16,922e9e15-b216-42e0-acb0-1849797eb997,workaround,Resolution for INC0000292,Resolved performance issue by fixed network routing rules,DNS propagation delay,Fixed network routing rules,VPN tunnel established,Add monitoring alerts for early detection,Jessica Garcia,101,true,2,KB8343,2025-08-09 12:00:47,2025-08-09 12:00:47
1f39b650-8d75-40bc-8186-8a0d93650017,c9fef2aa-354a-46d6-9374-e0b98dac8435,workaround,Resolution for INC0000295,Resolved security issue by patched security vulnerability,Disk I/O bottleneck,Patched security vulnerability,Rate limiting enabled,Implement chaos engineering practices,Lisa Anderson,199,true,1,KB6186,2025-11-29 10:39:22,2025-11-30 01:39:22
298a8378-4da7-4d44-af78-4ea71446fba1,0daeb71d-1bf0-41cc-a32f-5fe2454f2a3b,workaround,Resolution for INC0000296,Resolved security issue by rolled back to previous version,Database query optimization needed,Rolled back to previous version,Rate limiting enabled,Add circuit breakers for external dependencies,Daniel Harris,225,true,2,,2025-09-09 17:06:25,2025-09-11 15:06:25
e0695cfb-2853-4671-8a5d-fdab195f3ba6,9634e658-ebac-491b-aea1-10bda7561d31,fix,Resolution for INC0000297,Resolved data issue by updated ssl/tls certificates,Inadequate resource provisioning,Updated SSL/TLS certificates,,Document runbooks for common issues,Christopher Lee,252,false,0,,2025-11-28 08:10:09,2025-11-28 08:10:09
c64b2550-4537-497a-8507-dc7040108c76,2926c7f1-ce87-455a-9b45-0ea499a21c90,fix,Resolution for INC0000298,Resolved availability issue by increased resource allocation (cpu/memory),Lack of circuit breaker implementation,Increased resource allocation (CPU/Memory),,Schedule regular maintenance windows,Jessica Garcia,475,true,0,,2025-09-23 18:15:25,2025-09-25 00:15:25
eba02cf9-1125-405e-939e-569e318f44c6,824cf135-58e9-4429-86e2-ef2c9ea73a6a,rollback,Resolution for INC0000300,Resolved performance issue by implemented circuit breaker,Inadequate resource provisioning,Implemented circuit breaker,,Schedule regular maintenance windows,David Wilson,94,true,0,KB7725,2025-10-13 09:53:09,2025-10-15 03:53:09
